issue_id,severity,location,discrepancy,author_action
I01,HIGH,Appendix F.2-F.5; main Table 4,"Current human-coder initial sheets, P1-P6 independent sheets and consensus are absent. Located W5 records explicitly say ai_not_human_reliability=true and have different claim counts. Historical AI coding cannot validate the manuscript human-coding account.","Supply the actual frozen human records, or correct the manuscript with author-reviewed provenance."
I02,HIGH,Appendix A.6; correspondence construction,"The 1,315-candidate audit summary and construction code exist, but the complete candidate inventory is absent; the separate original 46-row variable-metadata table was recovered. Code reads an externally prepared KNHANES schema and variable metadata.",Supply a redistribution-cleared metadata-only candidate inventory and its existing provenance; no candidate list was reconstructed.
I03,HIGH,Full data reproduction,"The external NHANES builder, source lock and public XPT hashes were recovered and included. Its exact historical source revision and full preparation environment were not pinned; the supplied wrapper requires frozen output-hash equality. HRS and KNHANES still require governed source products, manifests and authorization records that cannot be transferred as reviewer authorization. The recovered clinical table builder alone is not the full clinical preparation chain.",Use the supplied public preparation path and verify the frozen output hash; supply the remaining governed clinical product/version and preparation records. No input data were synthesized.
I04,MEDIUM,Appendix H.1,"A complete exact package/environment lock is not available for every numerical environment. Per-cell versions are retained; manuscript requirement lists are declarations, not recovered locks.",Resolve version_audit.csv REVIEW entries and supply trustworthy historical locks where retained.
I05,MEDIUM,Appendix C.3; A.1 bootstrap declaration,"The fixed-mapping W2 full_analysis/SUMMARY.json records bootstrap_replicates=2000, whereas A.1 states 10,000 unless an exception is specified; C.3 does not state this exception.","Clarify the recorded 2,000-resample W2 exception in the manuscript. Do not change the frozen analysis."
I06,MEDIUM,Appendix B.2,Ten-endpoint intended-versus-altered coverage failed for cancer_history/kn2nh (4/10 finite pairs). The current table calls it an extension but omits the original non-confirmatory coverage caveat.,Restore the frozen coverage qualification or justify an author-reviewed change in interpretation.
I07,MEDIUM,Appendix H.1; thread count,"The textual thread-count audit and 40 frozen rerun cells are retained. New aggregate comparison finds 400/400 exact nMSE matches per learner in the common five arms after rerun. The older HistGB comparison has 92 differences above 1e-12, but 104 exact inequalities; XGB has 16 differences no larger than 2.23e-16. The historical claims of bitwise equality and 800 HistGB values require clarification of metric scope/tolerance.",Review the supplied paired_aggregate_comparison.csv and clarify the historical comparison scope. Thread count is explicit in ladder records but absent from original VR/rerun metrics; do not infer it from filenames alone.
I08,MEDIUM,Source hashes and anonymous copies,Some recorded source hashes identify older code/protocol revisions. Anonymous path rewrites also change distributed bytes. Source-copy hashes and original recorded hashes are preserved separately.,Review recorded_hash_audit.csv. A hash of a sanitized copy is not asserted to equal the original frozen hash.
I09,MEDIUM,Printed numerical results,Strict rounding comparisons identify discrepancies. Full details are generated in result_verification.csv; no paper number or experiment output was edited.,Resolve each FAIL against the frozen source; use the actual printed precision.
I10,LOW,Pasted artifact instructions vs current appendix numbering,Current item numbering is derived automatically from main_new.tex and appendix_new.tex. The pasted reference to Table A17 for MDE is stale: A17 is the unit-level summary; the full MDE table is an archived artifact.,Use label-based table_figure_map.csv as the location authority.
I11,MEDIUM,Appendix D.2,"The historical within-dose correlation output/averaging rule was not located. A NEW, explicitly labelled analysis of the frozen cell-level aggregates averages six nonzero-dose Spearman correlations within each of eight family/learner/support settings. The resulting range is .185464 to .318296, versus the printed .165 to .329. This is not represented as a recovered historical calculation. Supply the original analysis rule/output to resolve the difference.",See discrepancy and supporting report; author review required.
I12,MEDIUM,Appendix F.1 / Table A18,"The frozen study-screening sheet lists 10 studies, with nine included. The manuscript adds XTab and CM2, resulting in 12 screened studies. Their original revision-screening decision records were not located; manuscript text is supplied but is not independent screening provenance.",See discrepancy and supporting report; author review required.
I13,MEDIUM,Main-paper bibliography,"The unchanged source compiles, but the main PDF has an undefined citation `kim2025kinematics`; no corresponding entry exists in the included references_seed.bib. Supply the intended existing reference entry or correct the manuscript citation. No reference was invented. Appendix compilation also reports two overfull boxes (maximum 20.281 pt); inspect typesetting before submission. See manuscript_build_report.json.",See discrepancy and supporting report; author review required.
