source_variable_id,raw_variable,local_unit,concept_id,missingness_class,time_representation,training_gate_status
NHANES:age,RIDAGEYR,years,demographics,raw_null_or_cycle_column_unavailable_local,cross_sectional_cycle_local_not_shared_temporal_signal,local_source_lock_only_pending_pre_ssl_gate
NHANES:waist,BMXWAIST,cm,body_size_proxy,raw_null_or_cycle_column_unavailable_local,cross_sectional_cycle_local_not_shared_temporal_signal,local_source_lock_only_pending_pre_ssl_gate
NHANES:sbp1,BPXSY1,mmHg,blood_pressure,raw_null_or_cycle_column_unavailable_local,cross_sectional_cycle_local_not_shared_temporal_signal,local_source_lock_only_pending_pre_ssl_gate
NHANES:sbp2,BPXSY2,mmHg,blood_pressure,raw_null_or_cycle_column_unavailable_local,cross_sectional_cycle_local_not_shared_temporal_signal,local_source_lock_only_pending_pre_ssl_gate
NHANES:dbp1,BPXDI1,mmHg,blood_pressure,raw_null_or_cycle_column_unavailable_local,cross_sectional_cycle_local_not_shared_temporal_signal,local_source_lock_only_pending_pre_ssl_gate
NHANES:dbp2,BPXDI2,mmHg,blood_pressure,raw_null_or_cycle_column_unavailable_local,cross_sectional_cycle_local_not_shared_temporal_signal,local_source_lock_only_pending_pre_ssl_gate
NHANES:glucose,LBXGLU,mg/dL,glucose_metabolic,raw_null_or_cycle_column_unavailable_local,cross_sectional_cycle_local_not_shared_temporal_signal,local_source_lock_only_pending_pre_ssl_gate
NHANES:hba1c,LBXGH,percent,glucose_metabolic,raw_null_or_cycle_column_unavailable_local,cross_sectional_cycle_local_not_shared_temporal_signal,local_source_lock_only_pending_pre_ssl_gate
NHANES:hemoglobin,LBXHGB,g/dL,blood_count,raw_null_or_cycle_column_unavailable_local,cross_sectional_cycle_local_not_shared_temporal_signal,local_source_lock_only_pending_pre_ssl_gate
NHANES:rbc,LBXRBCSI,million_cells_per_uL,blood_count,raw_null_or_cycle_column_unavailable_local,cross_sectional_cycle_local_not_shared_temporal_signal,local_source_lock_only_pending_pre_ssl_gate
NHANES:wbc,LBXWBCSI,thousand_cells_per_uL,blood_count,raw_null_or_cycle_column_unavailable_local,cross_sectional_cycle_local_not_shared_temporal_signal,local_source_lock_only_pending_pre_ssl_gate
NHANES:creatinine,LBXSCR,mg/dL,renal_function,raw_null_or_cycle_column_unavailable_local,cross_sectional_cycle_local_not_shared_temporal_signal,local_source_lock_only_pending_pre_ssl_gate
NHANES:total_cholesterol,LBXTC,mg/dL,lipid_metabolic,raw_null_or_cycle_column_unavailable_local,cross_sectional_cycle_local_not_shared_temporal_signal,local_source_lock_only_pending_pre_ssl_gate
NHANES:triglycerides,LBXTR,mg/dL,lipid_metabolic,raw_null_or_cycle_column_unavailable_local,cross_sectional_cycle_local_not_shared_temporal_signal,local_source_lock_only_pending_pre_ssl_gate
