comparison,family,K,quantity,n_paired_realizations,mean_difference,ci95_low,ci95_high
mlp_minus_xgb,additive,32,m0c0rf,20,0.5288988311252438,0.2822703351373042,0.8178807004719353
mlp_minus_xgb,additive,32,m0c1rf,20,0.493695676177789,0.1962172357146383,0.9085509939436313
mlp_minus_xgb,additive,32,m1c0rf,20,0.19644829904410005,0.12082736354415129,0.27669295673891486
mlp_minus_xgb,additive,32,m1c1rf,20,-0.02609165522198133,-0.03356164570637303,-0.019246111103925975
mlp_minus_xgb,additive,32,measurement,20,0.5197873313997704,0.22279018728489194,0.9221332931653408
mlp_minus_xgb,additive,32,correspondence,20,0.22253995426608136,0.14604169740711379,0.30178023637133167
mlp_minus_xgb,additive,32,MC_interaction,20,0.18733679931862657,-0.03380638578175302,0.43760088019334586
mlp_minus_histgb,additive,32,m0c0rf,20,0.5238470352115325,0.26965871201767905,0.8147463617157996
mlp_minus_histgb,additive,32,m0c1rf,20,0.4927797275668956,0.18890084374232177,0.9234601332795502
mlp_minus_histgb,additive,32,m1c0rf,20,0.19363073449496995,0.11856063325429594,0.27471328330751993
mlp_minus_histgb,additive,32,m1c1rf,20,-0.02366661051589224,-0.031241749834400027,-0.016776738012369608
mlp_minus_histgb,additive,32,measurement,20,0.5164463380827878,0.20938206895360847,0.9396849959484582
mlp_minus_histgb,additive,32,correspondence,20,0.21729734501086212,0.1419818211854614,0.29762710250432955
mlp_minus_histgb,additive,32,MC_interaction,20,0.18623003736622504,-0.035420120305099015,0.4391495271655591
mlp_minus_xgb,additive,512,m0c0rf,20,0.07848944575964616,0.05169347325241634,0.10639804885403406
mlp_minus_xgb,additive,512,m0c1rf,20,0.07113319841338275,0.04855693075248057,0.0950476962664398
mlp_minus_xgb,additive,512,m1c0rf,20,0.07108806632047984,0.04511502800584903,0.09907731356499488
mlp_minus_xgb,additive,512,m1c1rf,20,-0.029244911951238163,-0.03739357263364552,-0.021587253156873466
mlp_minus_xgb,additive,512,measurement,20,0.10037811036462094,0.07855824770733252,0.12222599934882028
mlp_minus_xgb,additive,512,correspondence,20,0.10033297827171798,0.07563746466132337,0.12666182553232555
mlp_minus_xgb,additive,512,MC_interaction,20,0.09297673092545458,0.058839567731637704,0.13043377241595894
mlp_minus_histgb,additive,512,m0c0rf,20,0.07844697072630782,0.051590668394201615,0.10717971673201025
mlp_minus_histgb,additive,512,m0c1rf,20,0.0726459298808306,0.04923417968987034,0.09757540187373838
mlp_minus_histgb,additive,512,m1c0rf,20,0.06883082539627253,0.043242848427754936,0.09648029779523246
mlp_minus_histgb,additive,512,m1c1rf,20,-0.028992233149660505,-0.0376263946832373,-0.02102869153378898
mlp_minus_histgb,additive,512,measurement,20,0.10163816303049109,0.0794647345563623,0.12328214552236437
mlp_minus_histgb,additive,512,correspondence,20,0.09782305854593303,0.07447589763561088,0.1227360659218947
mlp_minus_histgb,additive,512,MC_interaction,20,0.09202201770045577,0.058659517248470364,0.1286160850142843
mlp_minus_xgb,pairwise,32,m0c0rf,20,0.3694837576750116,0.2300800428407122,0.5108572341522006
mlp_minus_xgb,pairwise,32,m0c1rf,20,0.5313387902178132,0.35382298089726927,0.7370118354496913
mlp_minus_xgb,pairwise,32,m1c0rf,20,0.19352794279443558,0.1314488386860325,0.257324490417092
mlp_minus_xgb,pairwise,32,m1c1rf,20,-0.029857371306301117,-0.03502163806415895,-0.02447531124626224
mlp_minus_xgb,pairwise,32,measurement,20,0.5611961615241141,0.38249501536823877,0.7608797275244242
mlp_minus_xgb,pairwise,32,correspondence,20,0.2233853141007367,0.1594498982822922,0.28801413032635603
mlp_minus_xgb,pairwise,32,MC_interaction,20,0.38524034664353823,0.175441252892782,0.6056669350064401
mlp_minus_histgb,pairwise,32,m0c0rf,20,0.3585108660934001,0.2255804439083822,0.498766647280446
mlp_minus_histgb,pairwise,32,m0c1rf,20,0.5273151952748188,0.349129465851763,0.7305172936694813
mlp_minus_histgb,pairwise,32,m1c0rf,20,0.1867343251653675,0.12318632507028951,0.25264664183312946
mlp_minus_histgb,pairwise,32,m1c1rf,20,-0.028984671922277494,-0.033988132678721354,-0.023772579670351908
mlp_minus_histgb,pairwise,32,measurement,20,0.5562998671970962,0.376256508228943,0.7571683816922516
mlp_minus_histgb,pairwise,32,correspondence,20,0.21571899708764503,0.15057734926672484,0.28270170057873734
mlp_minus_histgb,pairwise,32,MC_interaction,20,0.38452332626906366,0.17806605689187538,0.6163317030274049
mlp_minus_xgb,pairwise,512,m0c0rf,20,0.09844895510621562,0.08339772574577003,0.11409893718260114
mlp_minus_xgb,pairwise,512,m0c1rf,20,0.0791735160710082,0.06203324211344861,0.09663678505597662
mlp_minus_xgb,pairwise,512,m1c0rf,20,0.06370170391910743,0.03447738125566237,0.09486465803121633
mlp_minus_xgb,pairwise,512,m1c1rf,20,-0.02948913453166511,-0.0358751143500193,-0.02290851636577121
mlp_minus_xgb,pairwise,512,measurement,20,0.10866265060267333,0.08966501178286973,0.1278507114844693
mlp_minus_xgb,pairwise,512,correspondence,20,0.09319083845077256,0.0658780717862771,0.12430481684171762
mlp_minus_xgb,pairwise,512,MC_interaction,20,0.07391539941556512,0.03631361245983527,0.11281739664305501
mlp_minus_histgb,pairwise,512,m0c0rf,20,0.09780909414329615,0.08370246894907653,0.11160301385476235
mlp_minus_histgb,pairwise,512,m0c1rf,20,0.07876817503398133,0.06166068658225109,0.09668498694501537
mlp_minus_histgb,pairwise,512,m1c0rf,20,0.0680360585840399,0.03933104496133004,0.0996955553526653
mlp_minus_histgb,pairwise,512,m1c1rf,20,-0.0304172552302354,-0.03626363988150666,-0.024683431127644172
mlp_minus_histgb,pairwise,512,measurement,20,0.1091854302642167,0.09094174046746517,0.1277260648862565
mlp_minus_histgb,pairwise,512,correspondence,20,0.09845331381427526,0.07025809382801895,0.12954717793895418
mlp_minus_histgb,pairwise,512,MC_interaction,20,0.07941239470496045,0.04387347237044398,0.1154144101305999
mlp_minus_xgb,sparse,32,m0c0rf,20,0.5777064584719639,0.3817869418022586,0.791533112713616
mlp_minus_xgb,sparse,32,m0c1rf,20,0.48762911043241974,0.3202954394231186,0.6862579719594754
mlp_minus_xgb,sparse,32,m1c0rf,20,0.1256732630468571,0.07673076160525756,0.17286358918896816
mlp_minus_xgb,sparse,32,m1c1rf,20,-0.023774228111450045,-0.02981453675367344,-0.01707421724649041
mlp_minus_xgb,sparse,32,measurement,20,0.5114033385438697,0.33724460218616675,0.7105087618255702
mlp_minus_xgb,sparse,32,correspondence,20,0.1494474911583072,0.10083677614330806,0.19806146778094214
mlp_minus_xgb,sparse,32,MC_interaction,20,0.059370143118762785,-0.08546159054385696,0.1915055065552627
mlp_minus_histgb,sparse,32,m0c0rf,20,0.5749083393851375,0.3822309045163666,0.7947028926943105
mlp_minus_histgb,sparse,32,m0c1rf,20,0.486537935946518,0.31510737608353295,0.6791159097277472
mlp_minus_histgb,sparse,32,m1c0rf,20,0.12053025524501307,0.07123331480257304,0.16743674611592016
mlp_minus_histgb,sparse,32,m1c1rf,20,-0.02332022103271115,-0.030080275931299458,-0.016013284642659834
mlp_minus_histgb,sparse,32,measurement,20,0.5098581569792293,0.33750270827135564,0.7072489641577911
mlp_minus_histgb,sparse,32,correspondence,20,0.14385047627772424,0.09533038327288297,0.19072072513599028
mlp_minus_histgb,sparse,32,MC_interaction,20,0.055480072839104666,-0.09453070442355366,0.19112020897596596
mlp_minus_xgb,sparse,512,m0c0rf,20,0.1082573591936193,0.0795949873119121,0.13811454478615304
mlp_minus_xgb,sparse,512,m0c1rf,20,0.06331007183840061,0.03526734021042695,0.09360605926079113
mlp_minus_xgb,sparse,512,m1c0rf,20,0.07390939481258033,0.05073402584915545,0.10074529909923668
mlp_minus_xgb,sparse,512,m1c1rf,20,-0.03043534642577924,-0.03592952335278248,-0.024850374941787084
mlp_minus_xgb,sparse,512,measurement,20,0.09374541826417986,0.06391747495716,0.12535668165392944
mlp_minus_xgb,sparse,512,correspondence,20,0.10434474123835957,0.08216451274460954,0.13110415321249838
mlp_minus_xgb,sparse,512,MC_interaction,20,0.05939745388314088,0.02970471515939674,0.0894850879383867
mlp_minus_histgb,sparse,512,m0c0rf,20,0.10988546258413294,0.07981388519784004,0.13981956952782748
mlp_minus_histgb,sparse,512,m0c1rf,20,0.06562365628840254,0.03718768718754645,0.09570546098213199
mlp_minus_histgb,sparse,512,m1c0rf,20,0.07438552925972639,0.05116705843231704,0.10113420729580078
mlp_minus_histgb,sparse,512,m1c1rf,20,-0.029271521769851365,-0.0345606934865851,-0.0239346688339974
mlp_minus_histgb,sparse,512,measurement,20,0.09489517805825394,0.06411447391682656,0.12776180581169083
mlp_minus_histgb,sparse,512,correspondence,20,0.10365705102957776,0.08117105586459855,0.12922565688936213
mlp_minus_histgb,sparse,512,MC_interaction,20,0.05939524473384737,0.029171638358581803,0.08950988798962241
