reference_id,utility_k0,utility_k512,decay_0_to_512,bootstrap_ci_low,bootstrap_ci_high,t_ci_low,t_ci_high,positive_dataset_decay_count,drop_car_decay
ref_00,0.08836999289607618,0.007090934046545193,0.08127905884953099,0.02558305854302358,0.14761565965553666,0.004397554987452798,0.15816056271160917,7,0.05483131247009056
ref_01,0.10585286921447173,0.005142300813613599,0.10071056840085815,0.034740213029400654,0.17228309340517212,0.01401285914400531,0.187408277657711,7,0.07621776400410113
ref_02,0.09961884433278348,0.007409619165027834,0.09220922516775563,0.03741147817317039,0.1535632785681725,0.019317813716211538,0.16510063661929975,8,0.07011607585563576
ref_03,0.08951962161817997,0.004364163439065285,0.08515545817911468,0.03414651947419416,0.14737813147274634,0.013061569459536224,0.15724934689869313,9,0.06094938045023975
ref_04,0.1240386098676735,0.009838486273168188,0.1142001235945053,0.0582312642287787,0.17941193351184093,0.03821501850273484,0.19018522868627577,9,0.08848670450119497
ref_05,0.10278621887285265,0.008452762050422195,0.09433345682243045,0.022444881551718386,0.17432947919324623,-0.0004792995983966264,0.18914621324325753,7,0.06534665063064128
ref_06,0.10977887313708529,0.005597992232519096,0.10418088090456618,0.04912954868966962,0.16541241656084915,0.03126425270584422,0.17709750910328814,8,0.08209367676631696
ref_07,0.09483648330456639,0.009021043311821547,0.08581543999274482,0.033903585379123906,0.15071714941448872,0.012778074137202292,0.15885280584828737,7,0.05904897554198334
ref_08,0.09318090809575147,0.004850959653488717,0.08832994844226273,0.022852469163862736,0.16066131552141205,0.001811162372453351,0.1748487345120721,6,0.06546170448688836
ref_09,0.1211568191602897,0.005167659914568616,0.11598915924572108,0.05841237099030151,0.18289279480840687,0.03732229815925414,0.194656020332188,9,0.09063525589427501
ref_10,0.10199856122630971,0.005291868963271639,0.09670669226303807,0.033294100188144465,0.16945190353148887,0.01145219676081348,0.18196118776526266,6,0.06993510166600408
ref_11,0.1074574754722781,0.006996194977711653,0.10046128049456644,0.0435099300923777,0.16666789668011753,0.023276099921695548,0.17764646106743734,8,0.07973077454911909
ref_12,0.10664142431748486,0.005471738563950285,0.10116968575353458,0.031143035406975664,0.17716086270466785,0.008698002493033083,0.19364136901403606,7,0.07519628400563734
ref_13,0.10924540062056533,0.004719616601090551,0.10452578401947478,0.03926379124637927,0.17682448544890034,0.017496262286407507,0.19155530575254204,8,0.08157587320849397
ref_14,0.10700667549634152,0.005177647283425724,0.10182902821291581,0.04480621430492341,0.16523280392087872,0.026392423865825507,0.1772656325600061,7,0.07773227731935306
ref_15,0.10464584836891497,0.0062472816824240334,0.09839856668649095,0.0404394348886431,0.16147540792582818,0.022500844285380822,0.1742962890876011,8,0.07701624577330851
ref_16,0.11602311624468856,0.008023698131933968,0.10799941811275457,0.04654694602188715,0.1759080473175384,0.02818619679737186,0.18781263942813728,8,0.08429580171130435
ref_17,0.10165512826664169,0.007043936174852601,0.09461119209178909,0.03478615624495684,0.1607800744736705,0.014941246278016448,0.1742811379055617,8,0.07072668460103504
ref_18,0.12293841895731683,0.008324993927142975,0.1146134250301739,0.050400814073225955,0.18751924499213252,0.028503209166312868,0.20072364089403494,7,0.08666199925324806
ref_19,0.09710296269969218,0.005803542045663145,0.09129942065402902,0.025941775114148587,0.16549141084315966,0.0034376611147167724,0.17916118019334126,7,0.0636838522893196
ref_20,0.1089081563540721,0.0021465554408463625,0.10676160091322574,0.03894377021780069,0.18171821900744425,0.016118148229149934,0.19740505359730154,6,0.07984404806814191
ref_21,0.11051511064767124,0.0055872638354233055,0.10492784681224794,0.04420111822696503,0.17095783854754848,0.0248298795369237,0.18502581408757218,8,0.08260537481083878
ref_22,0.10602806100417961,0.005823241639881483,0.10020481936429812,0.045725801895920265,0.15951220020854726,0.02921692487485067,0.17119271385374557,7,0.07997593534359221
ref_23,0.11101903889561161,0.006667177484157559,0.10435186141145404,0.04205613338786176,0.17200637394481133,0.022331313778950063,0.18637240904395802,7,0.08190605357056173
