scope,dataset,estimand,estimate,ci95_low,ci95_high,n_examples,n_fixed_splits
dataset,bank,AUC_S,0.6096948909882751,0.5990459602598551,0.6202907967242471,30446,5
dataset,bank,AUC_Rpub,0.5870815551990541,0.5749329217550896,0.5990789455080048,30446,5
dataset,bank,AUC_Ranon,0.5203157967888469,0.5087740117380852,0.5317453090889328,30446,5
dataset,bank,U_pub,0.02261333578922098,0.011312014540740262,0.034158330501834616,30446,5
dataset,bank,U_anon,0.08937909419942824,0.07797046760744152,0.10081138068814079,30446,5
dataset,bank,Delta_ref_U_anon_minus_U_pub,0.06676575841020727,0.05859734234621066,0.07490378905975331,30446,5
dataset,blood,AUC_S,0.566295176285481,0.5056031053792572,0.627409771532535,503,5
dataset,blood,AUC_Rpub,0.4153011772786483,0.35140657268074355,0.4828269671737071,503,5
dataset,blood,AUC_Ranon,0.4519667160082215,0.39122430534465785,0.513704829969517,503,5
dataset,blood,U_pub,0.1509939990068327,0.08037267554178099,0.21885167283196197,503,5
dataset,blood,U_anon,0.11432846027725946,0.03326329416904554,0.19407197359766873,503,5
dataset,blood,Delta_ref_U_anon_minus_U_pub,-0.03666553872957323,-0.10778423986636744,0.03587324626684143,503,5
dataset,calhousing,AUC_S,0.6023841929628014,0.5922634902478245,0.6125892781047187,13889,5
dataset,calhousing,AUC_Rpub,0.57231134023739,0.5623186369166278,0.5826929801549107,13889,5
dataset,calhousing,AUC_Ranon,0.5492498147039601,0.5389128529580265,0.5599967275626156,13889,5
dataset,calhousing,U_pub,0.03007285272541138,0.01684302276892189,0.04324352093199444,13889,5
dataset,calhousing,U_anon,0.053134378258841375,0.03963455760910708,0.06636638565943817,13889,5
dataset,calhousing,Delta_ref_U_anon_minus_U_pub,0.023061525533429994,0.011303849300028073,0.03492413486338365,13889,5
dataset,car,AUC_S,0.7882398759187097,0.7683408138927401,0.8085402895289936,1156,5
dataset,car,AUC_Rpub,0.49024469515513996,0.45880610828357066,0.5213220946754008,1156,5
dataset,car,AUC_Ranon,0.48786408189366115,0.4598088110416626,0.516141390143943,1156,5
dataset,car,U_pub,0.29799518076356973,0.2591873194971761,0.33689827786073523,1156,5
dataset,car,U_anon,0.30037579402504855,0.26747935545559903,0.3327754388135077,1156,5
dataset,car,Delta_ref_U_anon_minus_U_pub,0.0023806132614788145,-0.031072773788772812,0.03536616038772805,1156,5
dataset,creditg,AUC_S,0.5276890053488081,0.4750174199327793,0.5786491635841796,676,5
dataset,creditg,AUC_Rpub,0.6674919977860111,0.6226261741177354,0.713413580661254,676,5
dataset,creditg,AUC_Ranon,0.531168335338975,0.47795130615321413,0.5838671670077404,676,5
dataset,creditg,U_pub,-0.13980299243720296,-0.2023440661727517,-0.07904337100689113,676,5
dataset,creditg,U_anon,-0.0034793299901668684,-0.0470888381887549,0.039625715333255616,676,5
dataset,creditg,Delta_ref_U_anon_minus_U_pub,0.1363236624470361,0.08651309392763462,0.1858556659540786,676,5
dataset,diabetes,AUC_S,0.6466331823695487,0.5892399475855071,0.7051471296500647,513,5
dataset,diabetes,AUC_Rpub,0.5521353932259409,0.4978831856756561,0.6072449785216414,513,5
dataset,diabetes,AUC_Ranon,0.4825880718606871,0.42759421047822793,0.5377709362633616,513,5
dataset,diabetes,U_pub,0.09449778914360785,0.011697340336891432,0.17686431419589235,513,5
dataset,diabetes,U_anon,0.1640451105088616,0.10191409063668103,0.22435333096606816,513,5
dataset,diabetes,Delta_ref_U_anon_minus_U_pub,0.06954732136525377,0.005602502305800276,0.134647000515966,513,5
dataset,heart,AUC_S,0.5420566924414822,0.4924568415160776,0.5912809474741049,639,5
dataset,heart,AUC_Rpub,0.4009103662982957,0.3515769068724157,0.4506427564555933,639,5
dataset,heart,AUC_Ranon,0.56283875125386,0.5143581565701176,0.6111755734470613,639,5
dataset,heart,U_pub,0.14114632614318656,0.09590754434455294,0.1869283146424084,639,5
dataset,heart,U_anon,-0.020782058812377713,-0.050172639244479914,0.008141860428639586,639,5
dataset,heart,Delta_ref_U_anon_minus_U_pub,-0.16192838495556428,-0.20725298778992962,-0.11721266653610463,639,5
dataset,income,AUC_S,0.8004329506126469,0.7946053506901866,0.8063383865307733,32680,5
dataset,income,AUC_Rpub,0.7258134081038656,0.7188239892504391,0.7326806024004846,32680,5
dataset,income,AUC_Ranon,0.7266165347088877,0.7194307259364563,0.7336296665019938,32680,5
dataset,income,U_pub,0.07461954250878122,0.06946865059759263,0.07975952675950661,32680,5
dataset,income,U_anon,0.0738164159037592,0.06829620501278498,0.07935123365075011,32680,5
dataset,income,Delta_ref_U_anon_minus_U_pub,-0.0008031266050220198,-0.006696017639739621,0.00509620956098103,32680,5
dataset,jungle,AUC_S,0.6217268368586455,0.6148397696936011,0.6285665152430651,30221,5
dataset,jungle,AUC_Rpub,0.5741143768197621,0.5671067589433135,0.5811213821814952,30221,5
dataset,jungle,AUC_Ranon,0.5972147651646137,0.5902691480228669,0.6041923718100843,30221,5
dataset,jungle,U_pub,0.04761246003888342,0.03959487455685247,0.0557030756994376,30221,5
dataset,jungle,U_anon,0.0245120716940318,0.017195804263864058,0.031602688624576415,30221,5
dataset,jungle,Delta_ref_U_anon_minus_U_pub,-0.02310038834485162,-0.029441893231838566,-0.016720064526744217,30221,5
macro_dataset_bootstrap,ALL_9,AUC_S,0.6339058670873776,0.5759026100290813,0.6999222216692768,,5
macro_dataset_bootstrap,ALL_9,AUC_Rpub,0.5539338122337898,0.48553310485314616,0.6202647263703885,,5
macro_dataset_bootstrap,ALL_9,AUC_Ranon,0.5455358741913015,0.49960591216404415,0.6011561930942284,,5
macro_dataset_bootstrap,ALL_9,U_pub,0.07997205485358783,0.0047195784112789105,0.15385261160716876,,5
macro_dataset_bootstrap,ALL_9,U_anon,0.08836999289607617,0.03231590820219502,0.15397126068756592,,5
macro_dataset_bootstrap,ALL_9,Delta_ref_U_anon_minus_U_pub,0.00839793804248834,-0.04686066822572714,0.06003026074668329,,5
