category,path,description
extraction,experiments/crta_v3_e2_open_panel_v1/E2_SCORE_V1.json,Existing scientific record; see category index
extraction,experiments/crta_v3_e2_open_panel_v1/SUMMARY_V1.json,Existing scientific record; see category index
extraction,experiments/crta_v3_e2_open_panel_v1/label_panel/gemma_3_27b_it/E2_PROVENANCE_V1.json,Existing scientific record; see category index
extraction,experiments/crta_v3_e2_open_panel_v1/label_panel/gemma_3_27b_it/LLM_LABEL_TABLE_V1.json,Existing scientific record; see category index
extraction,experiments/crta_v3_e2_open_panel_v1/label_panel/gemma_3_27b_it/current_smoking_status/seed_50/metrics.json,Existing scientific record; see category index
extraction,experiments/crta_v3_e2_open_panel_v1/label_panel/gemma_3_27b_it/current_smoking_status/seed_51/metrics.json,Existing scientific record; see category index
extraction,experiments/crta_v3_e2_open_panel_v1/label_panel/gemma_3_27b_it/current_smoking_status/seed_52/metrics.json,Existing scientific record; see category index
extraction,experiments/crta_v3_e2_open_panel_v1/label_panel/gemma_3_27b_it/current_smoking_status/seed_53/metrics.json,Existing scientific record; see category index
extraction,experiments/crta_v3_e2_open_panel_v1/label_panel/gemma_3_27b_it/current_smoking_status/seed_54/metrics.json,Existing scientific record; see category index
extraction,experiments/crta_v3_e2_open_panel_v1/label_panel/gemma_3_27b_it/current_smoking_status/seed_55/metrics.json,Existing scientific record; see category index
extraction,experiments/crta_v3_e2_open_panel_v1/label_panel/gemma_3_27b_it/current_smoking_status/seed_56/metrics.json,Existing scientific record; see category index
extraction,experiments/crta_v3_e2_open_panel_v1/label_panel/gemma_3_27b_it/current_smoking_status/seed_57/metrics.json,Existing scientific record; see category index
extraction,experiments/crta_v3_e2_open_panel_v1/label_panel/gemma_3_27b_it/current_smoking_status/seed_58/metrics.json,Existing scientific record; see category index
extraction,experiments/crta_v3_e2_open_panel_v1/label_panel/gemma_3_27b_it/current_smoking_status/seed_59/metrics.json,Existing scientific record; see category index
extraction,experiments/crta_v3_e2_open_panel_v1/label_panel/gemma_3_27b_it/diabetes_history/seed_50/metrics.json,Existing scientific record; see category index
extraction,experiments/crta_v3_e2_open_panel_v1/label_panel/gemma_3_27b_it/diabetes_history/seed_51/metrics.json,Existing scientific record; see category index
extraction,experiments/crta_v3_e2_open_panel_v1/label_panel/gemma_3_27b_it/diabetes_history/seed_52/metrics.json,Existing scientific record; see category index
extraction,experiments/crta_v3_e2_open_panel_v1/label_panel/gemma_3_27b_it/diabetes_history/seed_53/metrics.json,Existing scientific record; see category index
extraction,experiments/crta_v3_e2_open_panel_v1/label_panel/gemma_3_27b_it/diabetes_history/seed_54/metrics.json,Existing scientific record; see category index
extraction,experiments/crta_v3_e2_open_panel_v1/label_panel/gemma_3_27b_it/diabetes_history/seed_55/metrics.json,Existing scientific record; see category index
extraction,experiments/crta_v3_e2_open_panel_v1/label_panel/gemma_3_27b_it/diabetes_history/seed_56/metrics.json,Existing scientific record; see category index
extraction,experiments/crta_v3_e2_open_panel_v1/label_panel/gemma_3_27b_it/diabetes_history/seed_57/metrics.json,Existing scientific record; see category index
extraction,experiments/crta_v3_e2_open_panel_v1/label_panel/gemma_3_27b_it/diabetes_history/seed_58/metrics.json,Existing scientific record; see category index
extraction,experiments/crta_v3_e2_open_panel_v1/label_panel/gemma_3_27b_it/diabetes_history/seed_59/metrics.json,Existing scientific record; see category index
extraction,experiments/crta_v3_e2_open_panel_v1/label_panel/gemma_3_27b_it/hypertension_history/seed_50/metrics.json,Existing scientific record; see category index
extraction,experiments/crta_v3_e2_open_panel_v1/label_panel/gemma_3_27b_it/hypertension_history/seed_51/metrics.json,Existing scientific record; see category index
extraction,experiments/crta_v3_e2_open_panel_v1/label_panel/gemma_3_27b_it/hypertension_history/seed_52/metrics.json,Existing scientific record; see category index
extraction,experiments/crta_v3_e2_open_panel_v1/label_panel/gemma_3_27b_it/hypertension_history/seed_53/metrics.json,Existing scientific record; see category index
extraction,experiments/crta_v3_e2_open_panel_v1/label_panel/gemma_3_27b_it/hypertension_history/seed_54/metrics.json,Existing scientific record; see category index
extraction,experiments/crta_v3_e2_open_panel_v1/label_panel/gemma_3_27b_it/hypertension_history/seed_55/metrics.json,Existing scientific record; see category index
extraction,experiments/crta_v3_e2_open_panel_v1/label_panel/gemma_3_27b_it/hypertension_history/seed_56/metrics.json,Existing scientific record; see category index
extraction,experiments/crta_v3_e2_open_panel_v1/label_panel/gemma_3_27b_it/hypertension_history/seed_57/metrics.json,Existing scientific record; see category index
extraction,experiments/crta_v3_e2_open_panel_v1/label_panel/gemma_3_27b_it/hypertension_history/seed_58/metrics.json,Existing scientific record; see category index
extraction,experiments/crta_v3_e2_open_panel_v1/label_panel/gemma_3_27b_it/hypertension_history/seed_59/metrics.json,Existing scientific record; see category index
extraction,experiments/crta_v3_e2_open_panel_v1/label_panel/medgemma_27b_it/E2_PROVENANCE_V1.json,Existing scientific record; see category index
extraction,experiments/crta_v3_e2_open_panel_v1/label_panel/medgemma_27b_it/LLM_LABEL_TABLE_V1.json,Existing scientific record; see category index
extraction,experiments/crta_v3_e2_open_panel_v1/label_panel/medgemma_27b_it/current_smoking_status/seed_50/metrics.json,Existing scientific record; see category index
extraction,experiments/crta_v3_e2_open_panel_v1/label_panel/medgemma_27b_it/current_smoking_status/seed_51/metrics.json,Existing scientific record; see category index
extraction,experiments/crta_v3_e2_open_panel_v1/label_panel/medgemma_27b_it/current_smoking_status/seed_52/metrics.json,Existing scientific record; see category index
extraction,experiments/crta_v3_e2_open_panel_v1/label_panel/medgemma_27b_it/current_smoking_status/seed_53/metrics.json,Existing scientific record; see category index
extraction,experiments/crta_v3_e2_open_panel_v1/label_panel/medgemma_27b_it/current_smoking_status/seed_54/metrics.json,Existing scientific record; see category index
extraction,experiments/crta_v3_e2_open_panel_v1/label_panel/medgemma_27b_it/current_smoking_status/seed_55/metrics.json,Existing scientific record; see category index
extraction,experiments/crta_v3_e2_open_panel_v1/label_panel/medgemma_27b_it/current_smoking_status/seed_56/metrics.json,Existing scientific record; see category index
extraction,experiments/crta_v3_e2_open_panel_v1/label_panel/medgemma_27b_it/current_smoking_status/seed_57/metrics.json,Existing scientific record; see category index
extraction,experiments/crta_v3_e2_open_panel_v1/label_panel/medgemma_27b_it/current_smoking_status/seed_58/metrics.json,Existing scientific record; see category index
extraction,experiments/crta_v3_e2_open_panel_v1/label_panel/medgemma_27b_it/current_smoking_status/seed_59/metrics.json,Existing scientific record; see category index
extraction,experiments/crta_v3_e2_open_panel_v1/label_panel/medgemma_27b_it/diabetes_history/seed_50/metrics.json,Existing scientific record; see category index
extraction,experiments/crta_v3_e2_open_panel_v1/label_panel/medgemma_27b_it/diabetes_history/seed_51/metrics.json,Existing scientific record; see category index
extraction,experiments/crta_v3_e2_open_panel_v1/label_panel/medgemma_27b_it/diabetes_history/seed_52/metrics.json,Existing scientific record; see category index
extraction,experiments/crta_v3_e2_open_panel_v1/label_panel/medgemma_27b_it/diabetes_history/seed_53/metrics.json,Existing scientific record; see category index
extraction,experiments/crta_v3_e2_open_panel_v1/label_panel/medgemma_27b_it/diabetes_history/seed_54/metrics.json,Existing scientific record; see category index
extraction,experiments/crta_v3_e2_open_panel_v1/label_panel/medgemma_27b_it/diabetes_history/seed_55/metrics.json,Existing scientific record; see category index
extraction,experiments/crta_v3_e2_open_panel_v1/label_panel/medgemma_27b_it/diabetes_history/seed_56/metrics.json,Existing scientific record; see category index
extraction,experiments/crta_v3_e2_open_panel_v1/label_panel/medgemma_27b_it/diabetes_history/seed_57/metrics.json,Existing scientific record; see category index
extraction,experiments/crta_v3_e2_open_panel_v1/label_panel/medgemma_27b_it/diabetes_history/seed_58/metrics.json,Existing scientific record; see category index
extraction,experiments/crta_v3_e2_open_panel_v1/label_panel/medgemma_27b_it/diabetes_history/seed_59/metrics.json,Existing scientific record; see category index
extraction,experiments/crta_v3_e2_open_panel_v1/label_panel/medgemma_27b_it/hypertension_history/seed_50/metrics.json,Existing scientific record; see category index
extraction,experiments/crta_v3_e2_open_panel_v1/label_panel/medgemma_27b_it/hypertension_history/seed_51/metrics.json,Existing scientific record; see category index
extraction,experiments/crta_v3_e2_open_panel_v1/label_panel/medgemma_27b_it/hypertension_history/seed_52/metrics.json,Existing scientific record; see category index
extraction,experiments/crta_v3_e2_open_panel_v1/label_panel/medgemma_27b_it/hypertension_history/seed_53/metrics.json,Existing scientific record; see category index
extraction,experiments/crta_v3_e2_open_panel_v1/label_panel/medgemma_27b_it/hypertension_history/seed_54/metrics.json,Existing scientific record; see category index
extraction,experiments/crta_v3_e2_open_panel_v1/label_panel/medgemma_27b_it/hypertension_history/seed_55/metrics.json,Existing scientific record; see category index
extraction,experiments/crta_v3_e2_open_panel_v1/label_panel/medgemma_27b_it/hypertension_history/seed_56/metrics.json,Existing scientific record; see category index
extraction,experiments/crta_v3_e2_open_panel_v1/label_panel/medgemma_27b_it/hypertension_history/seed_57/metrics.json,Existing scientific record; see category index
extraction,experiments/crta_v3_e2_open_panel_v1/label_panel/medgemma_27b_it/hypertension_history/seed_58/metrics.json,Existing scientific record; see category index
extraction,experiments/crta_v3_e2_open_panel_v1/label_panel/medgemma_27b_it/hypertension_history/seed_59/metrics.json,Existing scientific record; see category index
extraction,experiments/crta_v3_e2_open_panel_v1/label_panel/medgemma_4b_it/E2_PROVENANCE_V1.json,Existing scientific record; see category index
extraction,experiments/crta_v3_e2_open_panel_v1/label_panel/medgemma_4b_it/LLM_LABEL_TABLE_V1.json,Existing scientific record; see category index
extraction,experiments/crta_v3_e2_open_panel_v1/label_panel/medgemma_4b_it/current_smoking_status/seed_50/metrics.json,Existing scientific record; see category index
extraction,experiments/crta_v3_e2_open_panel_v1/label_panel/medgemma_4b_it/current_smoking_status/seed_51/metrics.json,Existing scientific record; see category index
extraction,experiments/crta_v3_e2_open_panel_v1/label_panel/medgemma_4b_it/current_smoking_status/seed_52/metrics.json,Existing scientific record; see category index
extraction,experiments/crta_v3_e2_open_panel_v1/label_panel/medgemma_4b_it/current_smoking_status/seed_53/metrics.json,Existing scientific record; see category index
extraction,experiments/crta_v3_e2_open_panel_v1/label_panel/medgemma_4b_it/current_smoking_status/seed_54/metrics.json,Existing scientific record; see category index
extraction,experiments/crta_v3_e2_open_panel_v1/label_panel/medgemma_4b_it/current_smoking_status/seed_55/metrics.json,Existing scientific record; see category index
extraction,experiments/crta_v3_e2_open_panel_v1/label_panel/medgemma_4b_it/current_smoking_status/seed_56/metrics.json,Existing scientific record; see category index
extraction,experiments/crta_v3_e2_open_panel_v1/label_panel/medgemma_4b_it/current_smoking_status/seed_57/metrics.json,Existing scientific record; see category index
extraction,experiments/crta_v3_e2_open_panel_v1/label_panel/medgemma_4b_it/current_smoking_status/seed_58/metrics.json,Existing scientific record; see category index
extraction,experiments/crta_v3_e2_open_panel_v1/label_panel/medgemma_4b_it/current_smoking_status/seed_59/metrics.json,Existing scientific record; see category index
extraction,experiments/crta_v3_e2_open_panel_v1/label_panel/medgemma_4b_it/diabetes_history/seed_50/metrics.json,Existing scientific record; see category index
extraction,experiments/crta_v3_e2_open_panel_v1/label_panel/medgemma_4b_it/diabetes_history/seed_51/metrics.json,Existing scientific record; see category index
extraction,experiments/crta_v3_e2_open_panel_v1/label_panel/medgemma_4b_it/diabetes_history/seed_52/metrics.json,Existing scientific record; see category index
extraction,experiments/crta_v3_e2_open_panel_v1/label_panel/medgemma_4b_it/diabetes_history/seed_53/metrics.json,Existing scientific record; see category index
extraction,experiments/crta_v3_e2_open_panel_v1/label_panel/medgemma_4b_it/diabetes_history/seed_54/metrics.json,Existing scientific record; see category index
extraction,experiments/crta_v3_e2_open_panel_v1/label_panel/medgemma_4b_it/diabetes_history/seed_55/metrics.json,Existing scientific record; see category index
extraction,experiments/crta_v3_e2_open_panel_v1/label_panel/medgemma_4b_it/diabetes_history/seed_56/metrics.json,Existing scientific record; see category index
extraction,experiments/crta_v3_e2_open_panel_v1/label_panel/medgemma_4b_it/diabetes_history/seed_57/metrics.json,Existing scientific record; see category index
extraction,experiments/crta_v3_e2_open_panel_v1/label_panel/medgemma_4b_it/diabetes_history/seed_58/metrics.json,Existing scientific record; see category index
extraction,experiments/crta_v3_e2_open_panel_v1/label_panel/medgemma_4b_it/diabetes_history/seed_59/metrics.json,Existing scientific record; see category index
extraction,experiments/crta_v3_e2_open_panel_v1/label_panel/medgemma_4b_it/hypertension_history/seed_50/metrics.json,Existing scientific record; see category index
extraction,experiments/crta_v3_e2_open_panel_v1/label_panel/medgemma_4b_it/hypertension_history/seed_51/metrics.json,Existing scientific record; see category index
extraction,experiments/crta_v3_e2_open_panel_v1/label_panel/medgemma_4b_it/hypertension_history/seed_52/metrics.json,Existing scientific record; see category index
extraction,experiments/crta_v3_e2_open_panel_v1/label_panel/medgemma_4b_it/hypertension_history/seed_53/metrics.json,Existing scientific record; see category index
extraction,experiments/crta_v3_e2_open_panel_v1/label_panel/medgemma_4b_it/hypertension_history/seed_54/metrics.json,Existing scientific record; see category index
extraction,experiments/crta_v3_e2_open_panel_v1/label_panel/medgemma_4b_it/hypertension_history/seed_55/metrics.json,Existing scientific record; see category index
extraction,experiments/crta_v3_e2_open_panel_v1/label_panel/medgemma_4b_it/hypertension_history/seed_56/metrics.json,Existing scientific record; see category index
extraction,experiments/crta_v3_e2_open_panel_v1/label_panel/medgemma_4b_it/hypertension_history/seed_57/metrics.json,Existing scientific record; see category index
extraction,experiments/crta_v3_e2_open_panel_v1/label_panel/medgemma_4b_it/hypertension_history/seed_58/metrics.json,Existing scientific record; see category index
extraction,experiments/crta_v3_e2_open_panel_v1/label_panel/medgemma_4b_it/hypertension_history/seed_59/metrics.json,Existing scientific record; see category index
extraction,experiments/crta_v3_e2_open_panel_v1/label_panel/olmo_3_1_32b_instruct/NOT_MATERIALIZABLE.json,Existing scientific record; see category index
extraction,experiments/crta_v3_e2_open_panel_v1/label_panel/qwen3_14b/NOT_MATERIALIZABLE.json,Existing scientific record; see category index
extraction,experiments/crta_v3_e2_open_panel_v1/label_panel/qwen3_32b/E2_PROVENANCE_V1.json,Existing scientific record; see category index
extraction,experiments/crta_v3_e2_open_panel_v1/label_panel/qwen3_32b/LLM_LABEL_TABLE_V1.json,Existing scientific record; see category index
extraction,experiments/crta_v3_e2_open_panel_v1/label_panel/qwen3_32b/current_smoking_status/seed_50/metrics.json,Existing scientific record; see category index
extraction,experiments/crta_v3_e2_open_panel_v1/label_panel/qwen3_32b/current_smoking_status/seed_51/metrics.json,Existing scientific record; see category index
extraction,experiments/crta_v3_e2_open_panel_v1/label_panel/qwen3_32b/current_smoking_status/seed_52/metrics.json,Existing scientific record; see category index
extraction,experiments/crta_v3_e2_open_panel_v1/label_panel/qwen3_32b/current_smoking_status/seed_53/metrics.json,Existing scientific record; see category index
extraction,experiments/crta_v3_e2_open_panel_v1/label_panel/qwen3_32b/current_smoking_status/seed_54/metrics.json,Existing scientific record; see category index
extraction,experiments/crta_v3_e2_open_panel_v1/label_panel/qwen3_32b/current_smoking_status/seed_55/metrics.json,Existing scientific record; see category index
extraction,experiments/crta_v3_e2_open_panel_v1/label_panel/qwen3_32b/current_smoking_status/seed_56/metrics.json,Existing scientific record; see category index
extraction,experiments/crta_v3_e2_open_panel_v1/label_panel/qwen3_32b/current_smoking_status/seed_57/metrics.json,Existing scientific record; see category index
extraction,experiments/crta_v3_e2_open_panel_v1/label_panel/qwen3_32b/current_smoking_status/seed_58/metrics.json,Existing scientific record; see category index
extraction,experiments/crta_v3_e2_open_panel_v1/label_panel/qwen3_32b/current_smoking_status/seed_59/metrics.json,Existing scientific record; see category index
extraction,experiments/crta_v3_e2_open_panel_v1/label_panel/qwen3_32b/diabetes_history/seed_50/metrics.json,Existing scientific record; see category index
extraction,experiments/crta_v3_e2_open_panel_v1/label_panel/qwen3_32b/diabetes_history/seed_51/metrics.json,Existing scientific record; see category index
extraction,experiments/crta_v3_e2_open_panel_v1/label_panel/qwen3_32b/diabetes_history/seed_52/metrics.json,Existing scientific record; see category index
extraction,experiments/crta_v3_e2_open_panel_v1/label_panel/qwen3_32b/diabetes_history/seed_53/metrics.json,Existing scientific record; see category index
extraction,experiments/crta_v3_e2_open_panel_v1/label_panel/qwen3_32b/diabetes_history/seed_54/metrics.json,Existing scientific record; see category index
extraction,experiments/crta_v3_e2_open_panel_v1/label_panel/qwen3_32b/diabetes_history/seed_55/metrics.json,Existing scientific record; see category index
extraction,experiments/crta_v3_e2_open_panel_v1/label_panel/qwen3_32b/diabetes_history/seed_56/metrics.json,Existing scientific record; see category index
extraction,experiments/crta_v3_e2_open_panel_v1/label_panel/qwen3_32b/diabetes_history/seed_57/metrics.json,Existing scientific record; see category index
extraction,experiments/crta_v3_e2_open_panel_v1/label_panel/qwen3_32b/diabetes_history/seed_58/metrics.json,Existing scientific record; see category index
extraction,experiments/crta_v3_e2_open_panel_v1/label_panel/qwen3_32b/diabetes_history/seed_59/metrics.json,Existing scientific record; see category index
extraction,experiments/crta_v3_e2_open_panel_v1/label_panel/qwen3_32b/hypertension_history/seed_50/metrics.json,Existing scientific record; see category index
extraction,experiments/crta_v3_e2_open_panel_v1/label_panel/qwen3_32b/hypertension_history/seed_51/metrics.json,Existing scientific record; see category index
extraction,experiments/crta_v3_e2_open_panel_v1/label_panel/qwen3_32b/hypertension_history/seed_52/metrics.json,Existing scientific record; see category index
extraction,experiments/crta_v3_e2_open_panel_v1/label_panel/qwen3_32b/hypertension_history/seed_53/metrics.json,Existing scientific record; see category index
extraction,experiments/crta_v3_e2_open_panel_v1/label_panel/qwen3_32b/hypertension_history/seed_54/metrics.json,Existing scientific record; see category index
extraction,experiments/crta_v3_e2_open_panel_v1/label_panel/qwen3_32b/hypertension_history/seed_55/metrics.json,Existing scientific record; see category index
extraction,experiments/crta_v3_e2_open_panel_v1/label_panel/qwen3_32b/hypertension_history/seed_56/metrics.json,Existing scientific record; see category index
extraction,experiments/crta_v3_e2_open_panel_v1/label_panel/qwen3_32b/hypertension_history/seed_57/metrics.json,Existing scientific record; see category index
extraction,experiments/crta_v3_e2_open_panel_v1/label_panel/qwen3_32b/hypertension_history/seed_58/metrics.json,Existing scientific record; see category index
extraction,experiments/crta_v3_e2_open_panel_v1/label_panel/qwen3_32b/hypertension_history/seed_59/metrics.json,Existing scientific record; see category index
extraction,experiments/crta_v3_e2_open_panel_v1/label_panel/qwen3_8b/E2_PROVENANCE_V1.json,Existing scientific record; see category index
extraction,experiments/crta_v3_e2_open_panel_v1/label_panel/qwen3_8b/LLM_LABEL_TABLE_V1.json,Existing scientific record; see category index
extraction,experiments/crta_v3_e2_open_panel_v1/label_panel/qwen3_8b/current_smoking_status/seed_50/metrics.json,Existing scientific record; see category index
extraction,experiments/crta_v3_e2_open_panel_v1/label_panel/qwen3_8b/current_smoking_status/seed_51/metrics.json,Existing scientific record; see category index
extraction,experiments/crta_v3_e2_open_panel_v1/label_panel/qwen3_8b/current_smoking_status/seed_52/metrics.json,Existing scientific record; see category index
extraction,experiments/crta_v3_e2_open_panel_v1/label_panel/qwen3_8b/current_smoking_status/seed_53/metrics.json,Existing scientific record; see category index
extraction,experiments/crta_v3_e2_open_panel_v1/label_panel/qwen3_8b/current_smoking_status/seed_54/metrics.json,Existing scientific record; see category index
extraction,experiments/crta_v3_e2_open_panel_v1/label_panel/qwen3_8b/current_smoking_status/seed_55/metrics.json,Existing scientific record; see category index
extraction,experiments/crta_v3_e2_open_panel_v1/label_panel/qwen3_8b/current_smoking_status/seed_56/metrics.json,Existing scientific record; see category index
extraction,experiments/crta_v3_e2_open_panel_v1/label_panel/qwen3_8b/current_smoking_status/seed_57/metrics.json,Existing scientific record; see category index
extraction,experiments/crta_v3_e2_open_panel_v1/label_panel/qwen3_8b/current_smoking_status/seed_58/metrics.json,Existing scientific record; see category index
extraction,experiments/crta_v3_e2_open_panel_v1/label_panel/qwen3_8b/current_smoking_status/seed_59/metrics.json,Existing scientific record; see category index
extraction,experiments/crta_v3_e2_open_panel_v1/label_panel/qwen3_8b/diabetes_history/seed_50/metrics.json,Existing scientific record; see category index
extraction,experiments/crta_v3_e2_open_panel_v1/label_panel/qwen3_8b/diabetes_history/seed_51/metrics.json,Existing scientific record; see category index
extraction,experiments/crta_v3_e2_open_panel_v1/label_panel/qwen3_8b/diabetes_history/seed_52/metrics.json,Existing scientific record; see category index
extraction,experiments/crta_v3_e2_open_panel_v1/label_panel/qwen3_8b/diabetes_history/seed_53/metrics.json,Existing scientific record; see category index
extraction,experiments/crta_v3_e2_open_panel_v1/label_panel/qwen3_8b/diabetes_history/seed_54/metrics.json,Existing scientific record; see category index
extraction,experiments/crta_v3_e2_open_panel_v1/label_panel/qwen3_8b/diabetes_history/seed_55/metrics.json,Existing scientific record; see category index
extraction,experiments/crta_v3_e2_open_panel_v1/label_panel/qwen3_8b/diabetes_history/seed_56/metrics.json,Existing scientific record; see category index
extraction,experiments/crta_v3_e2_open_panel_v1/label_panel/qwen3_8b/diabetes_history/seed_57/metrics.json,Existing scientific record; see category index
extraction,experiments/crta_v3_e2_open_panel_v1/label_panel/qwen3_8b/diabetes_history/seed_58/metrics.json,Existing scientific record; see category index
extraction,experiments/crta_v3_e2_open_panel_v1/label_panel/qwen3_8b/diabetes_history/seed_59/metrics.json,Existing scientific record; see category index
extraction,experiments/crta_v3_e2_open_panel_v1/label_panel/qwen3_8b/hypertension_history/seed_50/metrics.json,Existing scientific record; see category index
extraction,experiments/crta_v3_e2_open_panel_v1/label_panel/qwen3_8b/hypertension_history/seed_51/metrics.json,Existing scientific record; see category index
extraction,experiments/crta_v3_e2_open_panel_v1/label_panel/qwen3_8b/hypertension_history/seed_52/metrics.json,Existing scientific record; see category index
extraction,experiments/crta_v3_e2_open_panel_v1/label_panel/qwen3_8b/hypertension_history/seed_53/metrics.json,Existing scientific record; see category index
extraction,experiments/crta_v3_e2_open_panel_v1/label_panel/qwen3_8b/hypertension_history/seed_54/metrics.json,Existing scientific record; see category index
extraction,experiments/crta_v3_e2_open_panel_v1/label_panel/qwen3_8b/hypertension_history/seed_55/metrics.json,Existing scientific record; see category index
extraction,experiments/crta_v3_e2_open_panel_v1/label_panel/qwen3_8b/hypertension_history/seed_56/metrics.json,Existing scientific record; see category index
extraction,experiments/crta_v3_e2_open_panel_v1/label_panel/qwen3_8b/hypertension_history/seed_57/metrics.json,Existing scientific record; see category index
extraction,experiments/crta_v3_e2_open_panel_v1/label_panel/qwen3_8b/hypertension_history/seed_58/metrics.json,Existing scientific record; see category index
extraction,experiments/crta_v3_e2_open_panel_v1/label_panel/qwen3_8b/hypertension_history/seed_59/metrics.json,Existing scientific record; see category index
extraction,experiments/crta_v3_e2_open_panel_v1/runs/gemma_3_27b_it/generation_manifest.json,Existing scientific record; see category index
extraction,experiments/crta_v3_e2_open_panel_v1/runs/gemma_3_27b_it/materialized_candidate_bank.json,Existing scientific record; see category index
extraction,experiments/crta_v3_e2_open_panel_v1/runs/gemma_3_27b_it/raw_response.txt,Existing scientific record; see category index
extraction,experiments/crta_v3_e2_open_panel_v1/runs/medgemma_27b_it/generation_manifest.json,Existing scientific record; see category index
extraction,experiments/crta_v3_e2_open_panel_v1/runs/medgemma_27b_it/materialized_candidate_bank.json,Existing scientific record; see category index
extraction,experiments/crta_v3_e2_open_panel_v1/runs/medgemma_27b_it/raw_response.txt,Existing scientific record; see category index
extraction,experiments/crta_v3_e2_open_panel_v1/runs/medgemma_4b_it/generation_manifest.json,Existing scientific record; see category index
extraction,experiments/crta_v3_e2_open_panel_v1/runs/medgemma_4b_it/materialized_candidate_bank.json,Existing scientific record; see category index
extraction,experiments/crta_v3_e2_open_panel_v1/runs/medgemma_4b_it/raw_response.txt,Existing scientific record; see category index
extraction,experiments/crta_v3_e2_open_panel_v1/runs/olmo_3_1_32b_instruct/generation_manifest.json,Existing scientific record; see category index
extraction,experiments/crta_v3_e2_open_panel_v1/runs/olmo_3_1_32b_instruct/materialized_candidate_bank.json,Existing scientific record; see category index
extraction,experiments/crta_v3_e2_open_panel_v1/runs/olmo_3_1_32b_instruct/raw_response.txt,Existing scientific record; see category index
extraction,experiments/crta_v3_e2_open_panel_v1/runs/qwen3_14b/generation_manifest.json,Existing scientific record; see category index
extraction,experiments/crta_v3_e2_open_panel_v1/runs/qwen3_14b/materialized_candidate_bank.json,Existing scientific record; see category index
extraction,experiments/crta_v3_e2_open_panel_v1/runs/qwen3_14b/raw_response.txt,Existing scientific record; see category index
extraction,experiments/crta_v3_e2_open_panel_v1/runs/qwen3_32b/generation_manifest.json,Existing scientific record; see category index
extraction,experiments/crta_v3_e2_open_panel_v1/runs/qwen3_32b/materialized_candidate_bank.json,Existing scientific record; see category index
extraction,experiments/crta_v3_e2_open_panel_v1/runs/qwen3_32b/raw_response.txt,Existing scientific record; see category index
extraction,experiments/crta_v3_e2_open_panel_v1/runs/qwen3_8b/generation_manifest.json,Existing scientific record; see category index
extraction,experiments/crta_v3_e2_open_panel_v1/runs/qwen3_8b/materialized_candidate_bank.json,Existing scientific record; see category index
extraction,experiments/crta_v3_e2_open_panel_v1/runs/qwen3_8b/raw_response.txt,Existing scientific record; see category index
extraction,experiments/crta_v3_measurement_layer_v1/harmon_prompts_v3/PROMPT_MANIFEST.json,Existing scientific record; see category index
extraction,experiments/crta_v3_measurement_layer_v1/harmon_prompts_v3/artifact_meas_nhkn_v3.json,Existing scientific record; see category index
extraction,experiments/crta_v3_measurement_layer_v1/harmon_prompts_v3/prompt_documented_v3.txt,Existing scientific record; see category index
extraction,extraction/README.md,Finalization record or reviewer verification output; see category README and REVISION_REPORT.md
extraction,extraction/model_audit.csv,Finalization record or reviewer verification output; see category README and REVISION_REPORT.md
extraction,scripts/remote/run_frozen_prompt_hf_v2_panel.py,Existing scientific record; see category index
