dataset,intended_auc,stable_anonymous_auc,generic_lexical_auc,u_anonymous,u_generic,delta_u_generic_minus_anonymous,utility_sign_changed,wall_seconds
bank,0.609694890988275,0.520315796788847,0.556869538840604,0.08937909419942802,0.052825352147671034,-0.03655374205175699,False,151.632
blood,0.566295176285481,0.4519667160082215,0.45811439875837623,0.11432846027725946,0.10818077752710475,-0.006147682750154704,False,2.353
calhousing,0.6023841929628015,0.54924981470396,0.5528247369975015,0.0531343782588416,0.04955945596530009,-0.003574922293541505,False,59.983
car,0.7882398759187097,0.48786408189366115,0.4211218871184301,0.30037579402504855,0.36711798880027957,0.06674219477523102,False,5.215
creditg,0.527689005348808,0.531168335338975,0.549999720145261,-0.0034793299901669794,-0.02231071479645297,-0.01883138480628599,False,4.55
diabetes,0.6466331823695487,0.48258807186068714,0.5082495054317238,0.16404511050886156,0.13838367693782494,-0.025661433571036618,False,2.343
heart,0.5420566924414825,0.56283875125386,0.6280930516610439,-0.02078205881237749,-0.08603635921956143,-0.06525430040718394,False,3.069
income,0.8004329506126469,0.7266165347088877,0.7532188144875352,0.0738164159037592,0.047214136125111605,-0.026602279778647597,False,156.084
jungle,0.6217268368586455,0.5972147651646137,0.5143732276755796,0.0245120716940318,0.10735360918306591,0.08284153748903411,False,128.206
