path,source,sha256,size_bytes
iclr_latex_v3/CONDITIONAL_C_HISTGB_CONFIRMATION_FREEZE_V1.md,iclr_latex_v3/CONDITIONAL_C_HISTGB_CONFIRMATION_FREEZE_V1.md,664882dadfeaeb98963e8690f3646c0c6c521c38aceebf366bd9c5ec98bbebdb,2349
iclr_latex_v3/TABLLM_PAIRED_REFERENCE_DECOMPOSITION_V1.md,iclr_latex_v3/TABLLM_PAIRED_REFERENCE_DECOMPOSITION_V1.md,ce548849163e3dbe80b8bb8fc1ea320f7dd113a199ec8636ea259d3ee25c39bc,4663
iclr_latex_v3/TABLLM_PAIRED_REFERENCE_DECOMPOSITION_V2.md,iclr_latex_v3/TABLLM_PAIRED_REFERENCE_DECOMPOSITION_V2.md,7cd86ff8d54808c73d598e5728891c116d267861923d9589741f689f5a99886b,6394
iclr_latex_v3/KNOWLEDGE_PANEL_OPENMODEL_PREREGISTRATION_V1.md,iclr_latex_v3/KNOWLEDGE_PANEL_OPENMODEL_PREREGISTRATION_V1.md,4bcab5795d1700543a56dac4c581aac1531973256cd3f3c236b56177924ed601,3679
iclr_latex_v3/UTILITY_CONTRAST_POSITIVE_CONTROL_PREREGISTRATION_V1.md,iclr_latex_v3/UTILITY_CONTRAST_POSITIVE_CONTROL_PREREGISTRATION_V1.md,1f2ae8f34c6e32259e523ea703d47718f6a4bff107bb61c4cd4a0930804f1806,3564
iclr_latex_v3/SOURCE_BUDGET_LADDER_PROTOCOL_V1.md,iclr_latex_v3/SOURCE_BUDGET_LADDER_PROTOCOL_V1.md,be3aa94586467274aacfed4df1a8596ee6b7d20942a2e15f53d2039d64ff4dd6,17007
iclr_latex_v3/ENDPOINT_CONCENTRATION_AND_LEAKAGE_BLOCK_AUDIT_V1.md,iclr_latex_v3/ENDPOINT_CONCENTRATION_AND_LEAKAGE_BLOCK_AUDIT_V1.md,f39fb465c31e45952e601fdb1417c637e8fd934e6cb7d9a4111b3fd024defd0d,9971
iclr_latex_v3/SCHEMA_PAIR_GENERALIZATION_PREREGISTRATION_V1.md,iclr_latex_v3/SCHEMA_PAIR_GENERALIZATION_PREREGISTRATION_V1.md,3727c9a1aed995b8e8066e48ba6fb63ac4a934e5ed47934f4378a68617dda976,14303
iclr_latex_v3/BINDING_BACKBONE_GENERALITY_PREREGISTRATION_V1.md,iclr_latex_v3/BINDING_BACKBONE_GENERALITY_PREREGISTRATION_V1.md,02f8eb3ad9253f19b52a5f31d7c8aa40ebf14fa4d813f6c055593c5275d63f17,2933
iclr_latex_v3/CAMELS_QUERY_EXTENSION_PREREGISTRATION_V1.md,iclr_latex_v3/CAMELS_QUERY_EXTENSION_PREREGISTRATION_V1.md,e2b90631d822ce57a5851ee110ab463d8e3f9e004610e1d8b3d1490ecdea5b25,4243
iclr_latex_v3/DECOY_COMPILER_SPECIFICITY_PREREGISTRATION_V1.md,iclr_latex_v3/DECOY_COMPILER_SPECIFICITY_PREREGISTRATION_V1.md,a9ee2785763e98582774cd6f7f6af2adbc75b082d63c4e5d61a868cc546c71ec,6239
iclr_latex_v3/ENDPOINT_SOURCE_INFORMATIVENESS_PREREGISTRATION_V1.md,iclr_latex_v3/ENDPOINT_SOURCE_INFORMATIVENESS_PREREGISTRATION_V1.md,3dbd50300393f2069b1721387caa8f5355dd57f2089c9ffd3e7bd61de9dabc9f,4216
iclr_latex_v3/FORM_LESION_MATCHED_PREREGISTRATION_V1.md,iclr_latex_v3/FORM_LESION_MATCHED_PREREGISTRATION_V1.md,8545f2cfc2cffbef0f9bdd8baf69b6b8892675255780f6d0ed58edfb458ae4c3,4617
iclr_latex_v3/OVERNIGHT_EXPANSION_PREREGISTRATION_20260820_V1.md,iclr_latex_v3/OVERNIGHT_EXPANSION_PREREGISTRATION_20260820_V1.md,491bff9eedaa9ce4c38eecfcb0f15a7e0043808afc3ea1623391714498b0f760,3838
iclr_latex_v3/M1M2_LAYER_LADDER_PREREGISTRATION_V1.md,iclr_latex_v3/M1M2_LAYER_LADDER_PREREGISTRATION_V1.md,f2e820cb93e39ef43f557e1c14b210dabe5781321061244113de5cb1dfc2acf4,8472
iclr_latex_v3/M1M2_STAGE_FACTORIAL_PREREGISTRATION_V1.md,iclr_latex_v3/M1M2_STAGE_FACTORIAL_PREREGISTRATION_V1.md,12b15ce3e1028fc42c917cd617d55ddf72402275d03913844e0132b4d1229e75,5002
iclr_latex_v3/task_manifests/all_llm_all_task_utility_v1.json,iclr_latex_v3/task_manifests/all_llm_all_task_utility_v1.json,0a133e0c1a54ebefaa9db2d861cc30fa832e0f32679def740c637d1062509473,5804
iclr_latex_v3/task_manifests/M3_M6_PRIMARY_BANK_ELIGIBILITY_OVERLAY_V1.json,iclr_latex_v3/task_manifests/M3_M6_PRIMARY_BANK_ELIGIBILITY_OVERLAY_V1.json,7d67ee27cf7ba075b9545423521ae2394c0bc6f5903a43e3a2f8574868fe57f4,2277
iclr_latex_v3/method_contract/v1/dsl/dsl_v1.json,iclr_latex_v3/method_contract/v1/dsl/dsl_v1.json,ffeb22b6502d431ec276d44c558d42fbc5bc5ffb5b079c52986bc248facbc28b,3902
iclr_latex_v3/method_contract/v1/compiler/compile_bank.py,iclr_latex_v3/method_contract/v1/compiler/compile_bank.py,3ed08577091b91b81cd51cabfb13d2f947a5c4293c2b8265f235cdd1c2b6aefb,17254
iclr_latex_v3/MCR_CARTE_REVIEW_EXTENSION_V1.md,iclr_latex_v3/MCR_CARTE_REVIEW_EXTENSION_V1.md,ef4bd98a2bdb08ca9f7c201e85d50c5b3ee484ee776974592eef1d7ed19391ef,5622
iclr_latex_v3/MCR_DOSE_RESPONSE_PREREGISTRATION_V1.md,iclr_latex_v3/MCR_DOSE_RESPONSE_PREREGISTRATION_V1.md,eb8249c47c12dfe02d5095afbb390185c53f729c7a7a69fb2782cf362a79a643,2849
iclr_latex_v3/MCR_MLP_PREREGISTRATION_V1.md,iclr_latex_v3/MCR_MLP_PREREGISTRATION_V1.md,25387913d4fbc53d15360e7f54381e692e8756612833ab1a1971d96fcbb2fec4,4465
iclr_latex_v3/MCR_FACTORIAL_SEMISYNTHETIC_PREREGISTRATION_V1.md,iclr_latex_v3/MCR_FACTORIAL_SEMISYNTHETIC_PREREGISTRATION_V1.md,0a6661ada855db7991d6064ca17f8434a71cfa3bd08c5b4fbc7f1c60b94e8320,19939
iclr_latex_v3/MCR_TABPFN_PREREGISTRATION_V1.md,iclr_latex_v3/MCR_TABPFN_PREREGISTRATION_V1.md,18d6c940b3f14d4d24cfe31e0f5b5879607f066b6d87bb24174f5273133cbe81,3292
iclr_latex_v3/MCR_MC_SURFACE_PREREGISTRATION_V1.md,iclr_latex_v3/MCR_MC_SURFACE_PREREGISTRATION_V1.md,edd5343d00996683e6f88516dc8feae463138624024a05b99c4ea5716801ee61,1794
iclr_latex_v3/MCR_MISMATCH_DOSE_K512_EXTENSION_V1.md,iclr_latex_v3/MCR_MISMATCH_DOSE_K512_EXTENSION_V1.md,1a9fa25cbceccaf8397b74d27f50a2151936a8e16c33ff58c459504f527411ec,2807
iclr_latex_v3/MCR_MISMATCH_DOSE_TABPFN_PREREGISTRATION_V1.md,iclr_latex_v3/MCR_MISMATCH_DOSE_TABPFN_PREREGISTRATION_V1.md,7cb55600214bbbe48848717631061495bb79954d6621626a258f30ff3ef0e58e,4851
iclr_latex_v3/MCR_MISMATCH_DOSE_PREREGISTRATION_V1.md,iclr_latex_v3/MCR_MISMATCH_DOSE_PREREGISTRATION_V1.md,660f5f421e2dee0e0d0a03fb2487189d7c00a4a6e2d7eb7ebb0506ad2e3d4158,6866
iclr_latex_v3/MCR_MISMATCH_SUPPORT_LADDER_V1.md,iclr_latex_v3/MCR_MISMATCH_SUPPORT_LADDER_V1.md,3b3a958fdc5938c337a2213fa6effa8dfec06c72be6dabf1562b1dd5c8e4dbaa,1921
iclr_latex_v3/MCR_MONOTONE_MLP_PREREGISTRATION_V1.md,iclr_latex_v3/MCR_MONOTONE_MLP_PREREGISTRATION_V1.md,3ccb7795f879f3dc8bcbf1b1b5de4d491a356dfbebe3bc0a059cc9c331607bb1,8650
iclr_latex_v3/MCR_N5_EXHAUSTIVE_PREREGISTRATION_V1.md,iclr_latex_v3/MCR_N5_EXHAUSTIVE_PREREGISTRATION_V1.md,40ab9e6437886b3ea6a9e9dccfe3bd48ae60317d23de38eb979887acf971d84c,1917
iclr_latex_v3/MCR_NONSEMANTIC_RANK_ALIGNMENT_FREEZE_V1.md,iclr_latex_v3/MCR_NONSEMANTIC_RANK_ALIGNMENT_FREEZE_V1.md,ca4a6cbaed2d004022e8933411e11fa32d3644c5a70c6cf4d2453c6dbf5c143d,7119
iclr_latex_v3/MCR_NULL_SOURCE_MASS_LADDER_PREREGISTRATION_V1.md,iclr_latex_v3/MCR_NULL_SOURCE_MASS_LADDER_PREREGISTRATION_V1.md,ce0348822c93260538b7b3efccfed18ec47cac5cf859597f30bc7ee8b4f04420,3193
iclr_latex_v3/MCR_NULL_SOURCE_PREREGISTRATION_V1.md,iclr_latex_v3/MCR_NULL_SOURCE_PREREGISTRATION_V1.md,231a025ab2fc9562c5a0300df302e766b5cc124425b3dae16924837c7ca7392a,3277
iclr_latex_v3/MCR_SOURCE_INFORMATIVENESS_LADDER_PREREGISTRATION_V1.md,iclr_latex_v3/MCR_SOURCE_INFORMATIVENESS_LADDER_PREREGISTRATION_V1.md,04620cdf35e7bd7247b7e0f1f7fc0308e7b0b67a7d6d2f65241e4db7cc5ec55d,3337
iclr_latex_v3/MCR_TABPFN_SOURCE_INFORMATIVENESS_LADDER_PREREGISTRATION_V1.md,iclr_latex_v3/MCR_TABPFN_SOURCE_INFORMATIVENESS_LADDER_PREREGISTRATION_V1.md,5212caf714e09130b8b3017f1a98a60bd79687275ee77d3819b636dc8cb6a846,4511
iclr_latex_v3/MCR_TRANSTAB_BRIDGE_DECOMPOSITION_FREEZE_V1.md,iclr_latex_v3/MCR_TRANSTAB_BRIDGE_DECOMPOSITION_FREEZE_V1.md,63c2cf9079259518b268d71bd621be131720e8ff59f166a19d6617ecd79a585a,1767
iclr_latex_v3/MCR_TRANSTAB_C_REVIEW_EXTENSION_V1.md,iclr_latex_v3/MCR_TRANSTAB_C_REVIEW_EXTENSION_V1.md,238899a7c7f996f4f73badf46b7b9a5666709e2b4d6917737f095b1165904637,5141
iclr_latex_v3/MCR_VALUE_REDUNDANCY_PREREGISTRATION_V1.md,iclr_latex_v3/MCR_VALUE_REDUNDANCY_PREREGISTRATION_V1.md,88c1bb00556498140deba4d945129d69943faf2ed3046c41a6ed351c902c9eae,6170
iclr_latex_v3/M1M2_MEASUREMENT_HARMONIZATION_ABLATION_PREREGISTRATION_V1.md,iclr_latex_v3/M1M2_MEASUREMENT_HARMONIZATION_ABLATION_PREREGISTRATION_V1.md,bb59ec31fa33cdeb8999218016a11054130cd671dbbb1c253ce9c297965fe564,7845
iclr_latex_v3/OPEN_WORLD_SCHEMA_MATCHER_PREREGISTRATION_V1.md,iclr_latex_v3/OPEN_WORLD_SCHEMA_MATCHER_PREREGISTRATION_V1.md,eea716749abeef8aeda45560ef92d5e73bd8d0207900c2f183d9ee88fbd7d97c,4093
iclr_latex_v3/M1M2_PAM_CONSTRAINT_RELATIONS_PREREGISTRATION_V1.md,iclr_latex_v3/M1M2_PAM_CONSTRAINT_RELATIONS_PREREGISTRATION_V1.md,230a7a3ab4b204db2ed72950903870d9279739ea159422cd42713c9cd4f81342,4413
iclr_latex_v3/M1M2_PAM_HIERARCHICAL_GATING_PREREGISTRATION_V2.md,iclr_latex_v3/M1M2_PAM_HIERARCHICAL_GATING_PREREGISTRATION_V2.md,c630e119c3a79428b9a6cf483de5c9b523b2748140b818434f5177dc7370defe,3172
iclr_latex_v3/RELATION_CAPACITY_SENSITIVITY_FREEZE_V1.md,iclr_latex_v3/RELATION_CAPACITY_SENSITIVITY_FREEZE_V1.md,66acefbd93d23b7137544221d42388fe432979e6aa7276bea61148eb497f74d7,2078
iclr_latex_v3/RELATION_MATCHED_RANDOM_WRONG_PREREGISTRATION_V1.md,iclr_latex_v3/RELATION_MATCHED_RANDOM_WRONG_PREREGISTRATION_V1.md,7ad375cb1c2dea5403ba4f1e31231c9bd25d410bf0efbe4be8942bc41240f7bc,8194
iclr_latex_v3/SCHEMA_MATCHER_BASELINES_PREREGISTRATION_V1.md,iclr_latex_v3/SCHEMA_MATCHER_BASELINES_PREREGISTRATION_V1.md,72a3b847c01b83a9b5ecdf032d966105860f6ca767cc5ac5775a92e01046a8b8,1939
iclr_latex_v3/STAGE_LADDER_V3_LESIONS_PREREGISTRATION_V1.md,iclr_latex_v3/STAGE_LADDER_V3_LESIONS_PREREGISTRATION_V1.md,cc149be2e20a86d39d6ca4bdf9a2ee56e5eb1dbff2715338b14e2289ca59b197,7137
iclr_latex_v3/STAGE_SOURCE_INFORMATIVENESS_LADDER_PREREGISTRATION_V1.md,iclr_latex_v3/STAGE_SOURCE_INFORMATIVENESS_LADDER_PREREGISTRATION_V1.md,f14aca7226c00a74649393f1228a9ba9d90851abd0e2362097a0c0114e944895,7074
iclr_latex_v3/STAGE_SOURCE_LADDER_V2_SOURCE_ONLY_PREREGISTRATION_V1.md,iclr_latex_v3/STAGE_SOURCE_LADDER_V2_SOURCE_ONLY_PREREGISTRATION_V1.md,44c673bc4cf89bb5ba32c86308cd25651ce15443aed7d19089836533fc299c25,6073
iclr_latex_v3/SURVEY_LABEL_PANEL_ENDPOINT_EXPANSION_PREREGISTRATION_V1.md,iclr_latex_v3/SURVEY_LABEL_PANEL_ENDPOINT_EXPANSION_PREREGISTRATION_V1.md,98ce337f4668c03d0f1d8447c0e5519b77817885f9c90d372a7dff0a6828d418,4609
iclr_latex_v3/M1M2_SURVEY_LABEL_MEASUREMENT_PANEL_PREREGISTRATION_V1.md,iclr_latex_v3/M1M2_SURVEY_LABEL_MEASUREMENT_PANEL_PREREGISTRATION_V1.md,35656164509b0ddc87158a1c03f6cfbd1ee992dab06e3f638a2e0d3a390b8efb,4587
iclr_latex_v3/M1M2_SURVEY_LABEL_PANEL_V2_ADDENDUM_PREREGISTRATION.md,iclr_latex_v3/M1M2_SURVEY_LABEL_PANEL_V2_ADDENDUM_PREREGISTRATION.md,6bb0086f72c86a83e26fcf7708481bdd9ed0e876c27959b59a29c18bea7a479c,1927
iclr_latex_v3/TABLLM_ALL_REFERENCE_K512_FREEZE_V1.md,iclr_latex_v3/TABLLM_ALL_REFERENCE_K512_FREEZE_V1.md,5fee5e02c870da5205e59d8f53aeb834ae374ccb5ea28f30b8b2f68f036022b0,5965
iclr_latex_v3/TABLLM_GENERIC_LEXICAL_ZERO_SHOT_FREEZE_V1.md,iclr_latex_v3/TABLLM_GENERIC_LEXICAL_ZERO_SHOT_FREEZE_V1.md,81c2ed91a4984f87cac19f75289e4ee9c8c64f0054f4fdfd4f65191167872f97,6824
iclr_latex_v3/TABLLM_RANON_SUPPORT_LADDER_FREEZE_V1.md,iclr_latex_v3/TABLLM_RANON_SUPPORT_LADDER_FREEZE_V1.md,915adb519be2159cb90fee6734bc872ef7449c409267f47ace105d5588b68a83,9769
iclr_latex_v3/TABLLM_REFERENCE_ENVELOPE_SUPPORT_LADDER_FREEZE_V1.md,iclr_latex_v3/TABLLM_REFERENCE_ENVELOPE_SUPPORT_LADDER_FREEZE_V1.md,6773ce26a309a1c0d18b0e14fcf74eccec471912a92e0441b6b170f18767b64b,7583
iclr_latex_v3/TABLLM_ADMISSIBLE_REFERENCE_SPACE_FREEZE_V1.md,iclr_latex_v3/TABLLM_ADMISSIBLE_REFERENCE_SPACE_FREEZE_V1.md,2ce490262b95ed7f70781f93386083cee252c6a54c89740942fe3c95bcfd8b09,7917
iclr_latex_v3/TABLLM_RETROSPECTIVE_AUDIT_FREEZE_V1.md,iclr_latex_v3/TABLLM_RETROSPECTIVE_AUDIT_FREEZE_V1.md,84ed4f92d8ff4e198bf036dd3378e7b9008cf501374115a4893d1e11abf780c0,3605
iclr_latex_v3/E2_QUESTIONNAIRE_VALUE_TABLE_OPEN_PANEL_PREREGISTRATION_V1.md,iclr_latex_v3/E2_QUESTIONNAIRE_VALUE_TABLE_OPEN_PANEL_PREREGISTRATION_V1.md,3ab28772b4fa68a35eeb12d7586ee9e097c09f16f1587afb8585e3163623da78,7383
iclr_latex_v3/REAL_TRANSFER_AND_CONSTITUENT_AUDIT_FREEZE_V1.md,iclr_latex_v3/REAL_TRANSFER_AND_CONSTITUENT_AUDIT_FREEZE_V1.md,d44259313fe0c2033f46573721f83749cdd7b0f9dcf5f68b05fb7bbabc6297ae,1677
iclr_latex_v3/TABLLM_PUBLISHED_SHOT_LADDER_FREEZE_V1.md,iclr_latex_v3/TABLLM_PUBLISHED_SHOT_LADDER_FREEZE_V1.md,76021bd5227063ebac92509d2723fad20cd737843cd675d316899082b645da57,10054
iclr_latex_v3/TABLLM_W4_AUROC_EQUIVALENCE_FREEZE_V1.md,iclr_latex_v3/TABLLM_W4_AUROC_EQUIVALENCE_FREEZE_V1.md,2f79ad97cafb1647478992e7679409edeffb2c396f0e09751d6cd660cb85b877,1303
iclr_latex_v3/TABLLM_W2_FIXED_MAPPING_FREEZE_V2.md,iclr_latex_v3/TABLLM_W2_FIXED_MAPPING_FREEZE_V2.md,589b3aaf9ce3394356b07e4166b21a89aab8ba68e0c9e7d245d7a6bc875710a0,9067
iclr_latex_v3/TABLLM_W2_LEXICAL_REALIZATION_FREEZE_V1.md,iclr_latex_v3/TABLLM_W2_LEXICAL_REALIZATION_FREEZE_V1.md,7beccacb9210594d710908f1befe6bf0805e95fea72a7e857e927d8318482a8d,8654
iclr_latex_v3/MCR_TRANSTAB_C_TF430_CONFORMANCE_REPLICATION_V1.md,iclr_latex_v3/MCR_TRANSTAB_C_TF430_CONFORMANCE_REPLICATION_V1.md,cac61b6b79e6e8cce7e63e4cbdb846176245f3eb7b84a5d4f1ae45d05977dc17,3685
iclr_latex_v3/TUNED_RELATION_CONFIRMATION_PREREGISTRATION_V1.md,iclr_latex_v3/TUNED_RELATION_CONFIRMATION_PREREGISTRATION_V1.md,0d7c819beeb09cdaa10e4cbfc36fd4b5b60c38d699468e8b4ff9925e6ee6fb78,3552
iclr_latex_v3/FORM_CONTENT_DECONFOUND_PREREGISTRATION_V1.md,iclr_latex_v3/FORM_CONTENT_DECONFOUND_PREREGISTRATION_V1.md,277639e52ea3c2d19652da53a1760bde6a8d7e53abb3a9d65df92e39b365d3f9,5922
iclr_latex_v3/NIGHT_SYNTHESIS_20260820_MEASUREMENT_CONCEPT_RELATION_V1.md,iclr_latex_v3/NIGHT_SYNTHESIS_20260820_MEASUREMENT_CONCEPT_RELATION_V1.md,eb96db8d143872c8aca3f2ad5174a02c7d20f14a99f0cde672a6b81c0d29a3b0,7134
iclr_latex_v3/CAMELS_EXTERNAL_DOMAIN_PROTOCOL_V1.md,iclr_latex_v3/CAMELS_EXTERNAL_DOMAIN_PROTOCOL_V1.md,6c0217c5e8fc6fdb7b77b53a783f7a61e94f3d5652b09e38d6c90b4427e8a95d,5087
iclr_latex_v3/APPENDIX_CORRESPONDENCE_MOVE_REPORT.md,iclr_latex_v3/APPENDIX_CORRESPONDENCE_MOVE_REPORT.md,f428d9584e0e7c7f1355b89dc29665b239445c379051cccc53617e6e5e8d844f,4704
iclr_latex_v3/MEASUREMENT_STAGE_PROGRAM_DIRECTION_V1.md,iclr_latex_v3/MEASUREMENT_STAGE_PROGRAM_DIRECTION_V1.md,b1c85f6827c5fe9f34441cb63374d80726bb1398b3596b335e3db6de2651fd85,6136
iclr_latex_v3/PRIMARY_METHOD_REDESIGN_FIXED_RELATION_ONTOLOGY_V1.md,iclr_latex_v3/PRIMARY_METHOD_REDESIGN_FIXED_RELATION_ONTOLOGY_V1.md,3999605d01ce09b63fc34851c0341987fe6c4b43faa0fce5753afef1d2a36a98,5776
iclr_latex_v3/M1_M2_RELATION_CONTENT_CONTROL_V1.md,iclr_latex_v3/M1_M2_RELATION_CONTENT_CONTROL_V1.md,0437c9ac34420e0cbe2a0383d99490a1f44a8ce35cd35fd7b22d40c2d2b1a63d,3142
iclr_latex_v3/MEASUREMENT_LAYER_PAYLOAD_AUDIT_V1.md,iclr_latex_v3/MEASUREMENT_LAYER_PAYLOAD_AUDIT_V1.md,c496d99b03bbde923e54698c3e9ceb4263f08c8de594e6e3b7a1013af561ad65,7582
iclr_latex_v3/MEASUREMENT_LAYER_EXTRACTION_RESULTS_V1.md,iclr_latex_v3/MEASUREMENT_LAYER_EXTRACTION_RESULTS_V1.md,12d6050c26e56ca1eb4efd7d667a97c8faa4bdc18588e00805150b9b254b4ccb,7252
iclr_latex_v3/EXAM_NO_BRIDGE_REFERENCE_FREEZE_V1.md,iclr_latex_v3/EXAM_NO_BRIDGE_REFERENCE_FREEZE_V1.md,830c1fa449a5a6ca797237265fb3196117210132f1fd002673e66b11e9379ad9,2763
iclr_latex_v3/ENDPOINT_SOURCE_INFORMATIVENESS_EXECUTION_ERRATUM_V1.md,iclr_latex_v3/ENDPOINT_SOURCE_INFORMATIVENESS_EXECUTION_ERRATUM_V1.md,84ad58f47204bc71ff5ea9f3deafccf351f7d53f635ea0a1ae9c7e7dc5835fd2,1201
iclr_latex_v3/RELATION_WRONG_CONTROL_AUDIT_V1.md,iclr_latex_v3/RELATION_WRONG_CONTROL_AUDIT_V1.md,f77f7d3e0cd04f29e5758cbbb7b5f54dd41337cc64e832fa483afba7781ce2b3,6696
iclr_latex_v3/M4_MEASUREMENT_DIRECTION_AND_INTERFACE_ASYMMETRY_AUDIT_V1.md,iclr_latex_v3/M4_MEASUREMENT_DIRECTION_AND_INTERFACE_ASYMMETRY_AUDIT_V1.md,fa839b55a9cc00fc244b7f6074874e0786774837e7dfe04687ed61f793435e16,8964
iclr_latex_v3/CAMELS_DEVELOPMENT_SCREEN_V1.md,iclr_latex_v3/CAMELS_DEVELOPMENT_SCREEN_V1.md,158a6b88cd99da455b8f67f9f2533f1f826b416439b11f0b75414dd2902b5604,6806
iclr_latex_v3/APPENDIX_PHASE2_REPORT.md,iclr_latex_v3/APPENDIX_PHASE2_REPORT.md,89040cbe16079166d2d335618fbe7b3ac40db18da4fd3903cea900138fcf78d1,14006
iclr_latex_v3/STAGE_FACTORIAL_REVERSE_ADDENDUM_V1.md,iclr_latex_v3/STAGE_FACTORIAL_REVERSE_ADDENDUM_V1.md,98c9b085fc5570d57c56ee2c5f85890d0ebd4fe193093a99c9ae7b37804f4e41,2386
iclr_latex_v3/N1_CAMELS_AUTO_C_PROTOCOL_V1.md,iclr_latex_v3/N1_CAMELS_AUTO_C_PROTOCOL_V1.md,0665cc8093b319d1644712f218bffab9fb88f8fbd0c5aa9b8236ce54924e64e0,4192
iclr_latex_v3/STAGE_ENDPOINT_EXPANSION_PREREGISTRATION_V1.md,iclr_latex_v3/STAGE_ENDPOINT_EXPANSION_PREREGISTRATION_V1.md,72f4ca51e319fd08b117ffd17f20bf619142b7b46515b9434f9872c964d5188f,2529
provenance/I-T01_complete_analysis_ledger.tex,iclr_latex_v3/artifacts/supplement/provenance/I-T01_complete_analysis_ledger.tex,0c1c15f46c85a6e721f1188cef0e45ca4679e64ffd6bf1151ab43ae1c75d3ae9,13234
