year_or_cycle,module,file_format,filename,raw_variable_count,historical_read_ok
01,24rc,sas7bdat,hn01_24rc.sas7bdat,59,True
01,all,sas7bdat,hn01_all.sas7bdat,1211,True
01,dsraw,sas7bdat,hn01_dsraw.sas7bdat,417,True
01,ijmt,sas7bdat,hn01_ijmt.sas7bdat,551,True
05,24rc,sas7bdat,hn05_24rc.sas7bdat,62,True
05,all,sas7bdat,hn05_all.sas7bdat,881,True
05,ijmt,sas7bdat,hn05_ijmt.sas7bdat,1513,True
07,24rc,sas7bdat,hn07_24rc.sas7bdat,75,True
07,all,sas7bdat,hn07_all.sas7bdat,1102,True
07,ijmt,sas7bdat,hn07_ijmt.sas7bdat,833,True
07,oe,sas7bdat,hn07_oe.sas7bdat,338,True
07,hny7_oe,sas7bdat,hny7_oe.sas7bdat,1016,True
08,24rc,sas7bdat,hn08_24rc.sas7bdat,89,True
08,all,sas7bdat,hn08_all.sas7bdat,1160,True
08,ent,sas7bdat,hn08_ent.sas7bdat,137,True
08,eye,sas7bdat,hn08_eye.sas7bdat,215,True
08,ijmt,sas7bdat,hn08_ijmt.sas7bdat,1236,True
08,oe,sas7bdat,hn08_oe.sas7bdat,349,True
09,24rc,sas7bdat,hn09_24rc.sas7bdat,91,True
09,24rc,sas7bdat,hn09_24rc_2day.sas7bdat,91,True
09,all,sas7bdat,hn09_all.sas7bdat,1196,True
09,dxa,sas7bdat,hn09_dxa.sas7bdat,151,True
09,ent,sas7bdat,hn09_ent.sas7bdat,157,True
09,eye,sas7bdat,hn09_eye.sas7bdat,220,True
09,ijmt,sas7bdat,hn09_ijmt.sas7bdat,877,True
09,oe,sas7bdat,hn09_oe.sas7bdat,351,True
10,24rc,sas7bdat,hn10_24rc.sas7bdat,100,True
10,all,sas7bdat,hn10_all.sas7bdat,833,True
10,dxa,sas7bdat,hn10_dxa.sas7bdat,143,True
10,ent,sas7bdat,hn10_ent.sas7bdat,155,True
10,eye,sas7bdat,hn10_eye.sas7bdat,212,True
10,ijmt,sas7bdat,hn10_ijmt.sas7bdat,611,True
10,oe,sas7bdat,hn10_oe.sas7bdat,344,True
11,24rc,sas7bdat,hn11_24rc.sas7bdat,108,True
11,all,sas7bdat,hn11_all.sas7bdat,821,True
11,dxa,sas7bdat,hn11_dxa.sas7bdat,149,True
11,ent,sas7bdat,hn11_ent.sas7bdat,136,True
11,eye,sas7bdat,hn11_eye.sas7bdat,219,True
11,ijmt,sas7bdat,hn11_ijmt.sas7bdat,700,True
11,oe,sas7bdat,hn11_oe.sas7bdat,345,True
12,24rc,sas7bdat,hn12_24rc.sas7bdat,83,True
12,all,sas7bdat,hn12_all.sas7bdat,757,True
12,ent,sas7bdat,hn12_ent.sas7bdat,131,True
12,eye,sas7bdat,hn12_eye.sas7bdat,190,True
12,ffq,sas7bdat,hn12_ffq.sas7bdat,437,True
12,ijmt,sas7bdat,hn12_ijmt.sas7bdat,427,True
12,oe,sas7bdat,hn12_oe.sas7bdat,342,True
13,oe,sas7bdat,HN13_OE.sas7bdat,350,True
13,24rc,sas7bdat,hn13_24rc.sas7bdat,121,True
13,all,sas7bdat,hn13_all.sas7bdat,762,True
13,ffq,sas7bdat,hn13_ffq.sas7bdat,444,True
13,ijmt,sas7bdat,hn13_ijmt.sas7bdat,292,True
14,oe,sas7bdat,HN14_OE.sas7bdat,342,True
14,pam,sas7bdat,HN14_PAM.sas7bdat,12,True
14,24rc,sas7bdat,hn14_24rc.sas7bdat,113,True
14,all,sas7bdat,hn14_all.sas7bdat,761,True
14,ffq,sas7bdat,hn14_ffq.sas7bdat,436,True
14,ijmt,sas7bdat,hn14_ijmt.sas7bdat,330,True
15,oe,sas7bdat,HN15_OE.sas7bdat,342,True
15,24rc,sas7bdat,hn15_24rc.sas7bdat,128,True
15,all,sas7bdat,hn15_all.sas7bdat,801,True
15,ffq,sas7bdat,hn15_ffq.sas7bdat,436,True
15,ijmt,sas7bdat,hn15_ijmt.sas7bdat,275,True
15,pam,sas7bdat,hn15_pam.sas7bdat,12,True
16,24rc,sas7bdat,hn16_24rc.sas7bdat,138,True
16,all,sas7bdat,hn16_all.sas7bdat,819,True
16,ffq,sas7bdat,hn16_ffq.sas7bdat,442,True
16,pam,sas7bdat,hn16_pam.sas7bdat,12,True
17,24rc,sas7bdat,hn17_24rc.sas7bdat,146,True
17,all,sas7bdat,hn17_all.sas7bdat,894,True
17,eye,sas7bdat,hn17_eye.sas7bdat,224,True
17,pam,sas7bdat,hn17_pam.sas7bdat,12,True
18,24rc,sas7bdat,hn18_24rc.sas7bdat,119,True
18,all,sas7bdat,hn18_all.sas7bdat,831,True
18,eye,sas7bdat,hn18_eye.sas7bdat,212,True
18,sup,sas7bdat,hn18_sup.sas7bdat,50,True
19,24rc,sas7bdat,hn19_24rc.sas7bdat,118,True
19,all,sas7bdat,hn19_all.sas7bdat,927,True
19,eye,sas7bdat,hn19_eye.sas7bdat,220,True
19,oe,sas7bdat,hn19_oe.sas7bdat,329,True
19,sup,sas7bdat,hn19_sup.sas7bdat,50,True
20,24rc,sas7bdat,hn20_24rc.sas7bdat,112,True
20,all,sas7bdat,hn20_all.sas7bdat,874,True
20,eye,sas7bdat,hn20_eye.sas7bdat,215,True
20,sup,sas7bdat,hn20_sup.sas7bdat,44,True
21,24rc,sas7bdat,hn21_24rc.sas7bdat,112,True
21,all,sas7bdat,hn21_all.sas7bdat,879,True
21,eye,sas7bdat,hn21_eye.sas7bdat,217,True
21,sup,sas7bdat,hn21_sup.sas7bdat,44,True
22,24rc,sas7bdat,hn22_24rc.sas7bdat,110,True
22,all,sas7bdat,hn22_all.sas7bdat,682,True
22,24rc,sas7bdat,hn22_24rc.sas7bdat,110,True
22,all,sas7bdat,hn22_all.sas7bdat,682,True
23,24rc,sas7bdat,hn23_24rc.sas7bdat,112,True
23,all,sas7bdat,hn23_all.sas7bdat,629,True
23,24rc,sas7bdat,hn23_24rc.sas7bdat,112,True
23,all,sas7bdat,hn23_all.sas7bdat,629,True
24,24rc,sas7bdat,hn24_24rc.sas7bdat,110,True
24,all,sas7bdat,hn24_all.sas7bdat,796,True
24,24rc,sas7bdat,hn24_24rc.sas7bdat,110,True
24,all,sas7bdat,hn24_all.sas7bdat,796,True
98,24rc,sas7bdat,hn98_24rc.sas7bdat,52,True
98,all,sas7bdat,hn98_all.sas7bdat,1217,True
98,dsraw,sas7bdat,hn98_dsraw.sas7bdat,353,True
98,ijmt,sas7bdat,hn98_ijmt.sas7bdat,219,True
