var_id,canonical_var_name,cohort_name,raw_var_name,display_name,family,subfamily,domain,unit,specimen_system,visit_module,codebook_text,ontology_id,is_derived,availability_rate,value_type,is_shared_cross_cohort,is_anchor_candidate,is_probe_candidate,benchmark_role,source_metadata_path,notes
NHANES::RIDAGEYR,age,NHANES,RIDAGEYR,age,demographics,age,demographics,years,body_measure,demographics_exam,Age in years at screening,,false,1.0000,numeric,true,true,false,support,data/nhanes_knhanes/tasks/standard_benchmark/current/experiment_notes/audit_matched_feature_registry.csv,Stable shared support variable
KNHANES::ALL__age,age,KNHANES,ALL__age,age,demographics,age,demographics,years,body_measure,demographics_exam,Age in years at screening,,false,0.9999,numeric,true,true,false,support,data/nhanes_knhanes/tasks/standard_benchmark/current/experiment_notes/audit_matched_feature_registry.csv,Stable shared support variable
NHANES::BMXHT,height_cm,NHANES,BMXHT,height,anthropometrics,height_weight,body_size,cm,body_measure,body_measure_exam,Standing height in centimeters,,false,0.8413,numeric,true,true,false,support,data/nhanes_knhanes/tasks/standard_benchmark/current/experiment_notes/audit_matched_feature_registry.csv,Shared anthropometric support variable
KNHANES::ALL__he_ht,height_cm,KNHANES,ALL__he_ht,height,anthropometrics,height_weight,body_size,cm,body_measure,body_measure_exam,Standing height in centimeters,,false,0.5215,numeric,true,true,false,support,data/nhanes_knhanes/tasks/standard_benchmark/current/experiment_notes/audit_matched_feature_registry.csv,Shared anthropometric support variable
NHANES::BMXWT,weight_kg,NHANES,BMXWT,weight,anthropometrics,height_weight,body_size,kg,body_measure,body_measure_exam,Body weight in kilograms,,false,0.9019,numeric,true,true,false,support,data/nhanes_knhanes/tasks/standard_benchmark/current/experiment_notes/audit_matched_feature_registry.csv,Shared anthropometric support variable
KNHANES::ALL__he_wt,weight_kg,KNHANES,ALL__he_wt,weight,anthropometrics,height_weight,body_size,kg,body_measure,body_measure_exam,Body weight in kilograms,,false,0.5218,numeric,true,true,false,support,data/nhanes_knhanes/tasks/standard_benchmark/current/experiment_notes/audit_matched_feature_registry.csv,Shared anthropometric support variable
NHANES::BMXWAIST,waist_cm,NHANES,BMXWAIST,waist circumference,anthropometrics,central_adiposity,metabolic_risk,cm,body_measure,body_measure_exam,Waist circumference in centimeters,,false,0.8092,numeric,true,true,false,anchor_core,data/nhanes_knhanes/tasks/standard_benchmark/current/experiment_notes/audit_matched_feature_registry.csv,Current safe anchor core variable
KNHANES::ALL__he_wc,waist_cm,KNHANES,ALL__he_wc,waist circumference,anthropometrics,central_adiposity,metabolic_risk,cm,body_measure,body_measure_exam,Waist circumference in centimeters,,false,0.5211,numeric,true,true,false,anchor_core,data/nhanes_knhanes/tasks/standard_benchmark/current/experiment_notes/audit_matched_feature_registry.csv,Current safe anchor core variable
NHANES::BPXSY1,sbp,NHANES,BPXSY1,systolic blood pressure,blood_pressure,vital_signs,cardiometabolic,mmHg,blood_pressure,blood_pressure_exam,Systolic blood pressure first reading,,false,0.5552,numeric,true,true,false,anchor_core,data/nhanes_knhanes/tasks/standard_benchmark/current/experiment_notes/audit_matched_feature_registry.csv,Current safe anchor core variable
KNHANES::ALL__he_sbp1,sbp,KNHANES,ALL__he_sbp1,systolic blood pressure,blood_pressure,vital_signs,cardiometabolic,mmHg,blood_pressure,blood_pressure_exam,Systolic blood pressure first reading,,false,0.4574,numeric,true,true,false,anchor_core,data/nhanes_knhanes/tasks/standard_benchmark/current/experiment_notes/audit_matched_feature_registry.csv,Current safe anchor core variable
NHANES::BPXDI1,dbp,NHANES,BPXDI1,diastolic blood pressure,blood_pressure,vital_signs,cardiometabolic,mmHg,blood_pressure,blood_pressure_exam,Diastolic blood pressure first reading,,false,0.5552,numeric,true,true,false,anchor_core,data/nhanes_knhanes/tasks/standard_benchmark/current/experiment_notes/audit_matched_feature_registry.csv,Current safe anchor core variable
KNHANES::ALL__he_dbp1,dbp,KNHANES,ALL__he_dbp1,diastolic blood pressure,blood_pressure,vital_signs,cardiometabolic,mmHg,blood_pressure,blood_pressure_exam,Diastolic blood pressure first reading,,false,0.4573,numeric,true,true,false,anchor_core,data/nhanes_knhanes/tasks/standard_benchmark/current/experiment_notes/audit_matched_feature_registry.csv,Current safe anchor core variable
NHANES::BPXPLS,pulse_rate,NHANES,BPXPLS,pulse rate,blood_pressure,vital_signs,cardiopulmonary,bpm,blood_pressure,blood_pressure_exam,Pulse rate during blood pressure exam,,false,,numeric,true,true,false,anchor_candidate,data/nhanes_knhanes/tasks/standard_benchmark/current/experiment_notes/downstream_target_registry_v1.csv,Availability rate not yet copied into audit registry
KNHANES::ALL__he_pls,pulse_rate,KNHANES,ALL__he_pls,pulse rate,blood_pressure,vital_signs,cardiopulmonary,bpm,blood_pressure,blood_pressure_exam,Pulse-like measurement during health exam,,false,,numeric,true,true,false,deferred,data/nhanes_knhanes/tasks/standard_benchmark/current/experiment_notes/downstream_target_registry_v1.csv,Mapping caution versus NHANES BPXPLS
NHANES::LBXGLU,glucose,NHANES,LBXGLU,glucose,glycemic,basic_glycemia,metabolic,mg/dL,serum,chemistry_lab,Serum glucose,,false,0.3087,numeric,true,true,false,anchor_core,data/nhanes_knhanes/tasks/standard_benchmark/current/experiment_notes/audit_matched_feature_registry.csv,Anchor-core but leakage-adjacent when used as target
KNHANES::ALL__he_glu,glucose,KNHANES,ALL__he_glu,glucose,glycemic,basic_glycemia,metabolic,mg/dL,serum,chemistry_lab,Serum glucose,,false,0.4360,numeric,true,true,false,anchor_core,data/nhanes_knhanes/tasks/standard_benchmark/current/experiment_notes/audit_matched_feature_registry.csv,Anchor-core but leakage-adjacent when used as target
NHANES::LBXGH,hba1c,NHANES,LBXGH,hemoglobin A1c,glycemic,long_glycemia,metabolic,%,blood,chemistry_lab,Hemoglobin A1c,,false,0.6269,numeric,true,true,false,anchor_candidate,data/nhanes_knhanes/tasks/standard_benchmark/current/experiment_notes/audit_matched_feature_registry.csv,Useful anchor candidate
KNHANES::ALL__he_hba1c,hba1c,KNHANES,ALL__he_hba1c,hemoglobin A1c,glycemic,long_glycemia,metabolic,%,blood,chemistry_lab,Hemoglobin A1c,,false,0.2599,numeric,true,true,false,deferred,data/nhanes_knhanes/tasks/standard_benchmark/current/experiment_notes/audit_matched_feature_registry.csv,Sentinel-value handling needed
NHANES::LBXSTR,triglycerides,NHANES,LBXSTR,triglycerides,lipid,lipid_panel,metabolic,mg/dL,serum,chemistry_lab,Serum triglycerides,,false,0.6134,numeric,true,true,false,anchor_core,data/nhanes_knhanes/tasks/standard_benchmark/current/experiment_notes/audit_matched_feature_registry.csv,Current safe anchor core variable
KNHANES::ALL__he_tg,triglycerides,KNHANES,ALL__he_tg,triglycerides,lipid,lipid_panel,metabolic,mg/dL,serum,chemistry_lab,Serum triglycerides,,false,0.4363,numeric,true,true,false,anchor_core,data/nhanes_knhanes/tasks/standard_benchmark/current/experiment_notes/audit_matched_feature_registry.csv,Current safe anchor core variable
NHANES::LBXTC,total_cholesterol,NHANES,LBXTC,total cholesterol,lipid,lipid_panel,metabolic,mg/dL,serum,chemistry_lab,Total cholesterol,,false,0.7096,numeric,true,true,false,anchor_core,data/nhanes_knhanes/tasks/standard_benchmark/current/experiment_notes/audit_matched_feature_registry.csv,Current safe anchor core variable
KNHANES::ALL__he_chol,total_cholesterol,KNHANES,ALL__he_chol,total cholesterol,lipid,lipid_panel,metabolic,mg/dL,serum,chemistry_lab,Total cholesterol,,false,0.4369,numeric,true,true,false,anchor_core,data/nhanes_knhanes/tasks/standard_benchmark/current/experiment_notes/audit_matched_feature_registry.csv,Current safe anchor core variable
NHANES::LBXSCR,creatinine,NHANES,LBXSCR,creatinine,renal_support,renal_function,renal,mg/dL,serum,chemistry_lab,Serum creatinine,,false,0.5621,numeric,true,false,false,support,data/nhanes_knhanes/tasks/standard_benchmark/current/experiment_notes/audit_matched_feature_registry.csv,Useful support variable for renal and stress-target reading
KNHANES::ALL__he_crea,creatinine,KNHANES,ALL__he_crea,creatinine,renal_support,renal_function,renal,mg/dL,serum,chemistry_lab,Serum creatinine,,false,0.4373,numeric,true,false,false,support,data/nhanes_knhanes/tasks/standard_benchmark/current/experiment_notes/audit_matched_feature_registry.csv,Useful support variable for renal and stress-target reading
NHANES::LBDSBUSI,bun,NHANES,LBDSBUSI,blood urea nitrogen,renal_target,renal_function,renal,mg/dL,serum,chemistry_lab,Blood urea nitrogen,,false,0.6130,numeric,true,false,true,probe,data/nhanes_knhanes/tasks/standard_benchmark/current/experiment_notes/audit_matched_feature_registry.csv,Stress target with known baseline instability
KNHANES::ALL__he_bun,bun,KNHANES,ALL__he_bun,blood urea nitrogen,renal_target,renal_function,renal,mg/dL,serum,chemistry_lab,Blood urea nitrogen,,false,0.4373,numeric,true,false,true,probe,data/nhanes_knhanes/tasks/standard_benchmark/current/experiment_notes/audit_matched_feature_registry.csv,Stress target with known baseline instability
NHANES::LBXSATSI,alt,NHANES,LBXSATSI,alanine aminotransferase,liver_target,liver_panel,hepatic,U/L,serum,chemistry_lab,Alanine aminotransferase,,false,0.6122,numeric,true,false,true,probe,data/nhanes_knhanes/tasks/standard_benchmark/current/experiment_notes/audit_matched_feature_registry.csv,Probe outside the core blood-pressure and glycemic slice
KNHANES::ALL__he_alt,alt,KNHANES,ALL__he_alt,alanine aminotransferase,liver_target,liver_panel,hepatic,U/L,serum,chemistry_lab,Alanine aminotransferase,,false,0.4369,numeric,true,false,true,probe,data/nhanes_knhanes/tasks/standard_benchmark/current/experiment_notes/audit_matched_feature_registry.csv,Probe outside the core blood-pressure and glycemic slice
NHANES::LBXHGB,hemoglobin,NHANES,LBXHGB,hemoglobin,hematology_support,cbc,hematology,g/dL,blood,cbc_lab,Hemoglobin concentration,,false,0.7850,numeric,true,false,false,support,data/nhanes_knhanes/tasks/standard_benchmark/current/experiment_notes/audit_matched_feature_registry.csv,Shared CBC support variable
KNHANES::ALL__he_hb,hemoglobin,KNHANES,ALL__he_hb,hemoglobin,hematology_support,cbc,hematology,g/dL,blood,cbc_lab,Hemoglobin concentration,,false,0.4356,numeric,true,false,false,support,data/nhanes_knhanes/tasks/standard_benchmark/current/experiment_notes/audit_matched_feature_registry.csv,Shared CBC support variable
NHANES::LBXHCT,hematocrit,NHANES,LBXHCT,hematocrit,hematology_target,cbc,hematology,%,blood,cbc_lab,Hematocrit,,false,0.7850,numeric,true,false,true,probe,data/nhanes_knhanes/tasks/standard_benchmark/current/experiment_notes/audit_matched_feature_registry.csv,Probe target retained for anti-regression context
KNHANES::ALL__he_hct,hematocrit,KNHANES,ALL__he_hct,hematocrit,hematology_target,cbc,hematology,%,blood,cbc_lab,Hematocrit,,false,0.4356,numeric,true,false,true,probe,data/nhanes_knhanes/tasks/standard_benchmark/current/experiment_notes/audit_matched_feature_registry.csv,Probe target retained for anti-regression context
NHANES::LBXRBCSI,rbc,NHANES,LBXRBCSI,red blood cell count,hematology_target,cbc,hematology,10^6/uL,blood,cbc_lab,Red blood cell count,,false,0.7850,numeric,true,false,true,probe,data/nhanes_knhanes/tasks/standard_benchmark/current/experiment_notes/audit_matched_feature_registry.csv,Probe target retained for anti-regression context
KNHANES::ALL__he_rbc,rbc,KNHANES,ALL__he_rbc,red blood cell count,hematology_target,cbc,hematology,10^6/uL,blood,cbc_lab,Red blood cell count,,false,0.4356,numeric,true,false,true,probe,data/nhanes_knhanes/tasks/standard_benchmark/current/experiment_notes/audit_matched_feature_registry.csv,Probe target retained for anti-regression context
NHANES::LBXWBCSI,wbc,NHANES,LBXWBCSI,white blood cell count,hematology_target,cbc,hematology,10^3/uL,blood,cbc_lab,White blood cell count,,false,0.7850,numeric,true,false,true,probe,data/nhanes_knhanes/tasks/standard_benchmark/current/experiment_notes/audit_matched_feature_registry.csv,Probe target retained for anti-regression context
KNHANES::ALL__he_wbc,wbc,KNHANES,ALL__he_wbc,white blood cell count,hematology_target,cbc,hematology,10^3/uL,blood,cbc_lab,White blood cell count,,false,0.3929,numeric,true,false,true,probe,data/nhanes_knhanes/tasks/standard_benchmark/current/experiment_notes/audit_matched_feature_registry.csv,Probe target retained for anti-regression context
NHANES::RIAGENDR,sex,NHANES,RIAGENDR,sex,questionnaire_demographics,sex,demographics,,questionnaire,demographics_questionnaire,Respondent sex,binary_sex_v1,false,1.0000,categorical,true,false,false,support,data/nhanes_knhanes/tasks/standard_benchmark/current/relation_sources/common/questionnaire_item_metadata_harmonized_seed_v1.csv,Exact questionnaire seed and stable demographic adjustment feature
KNHANES::ALL__sex,sex,KNHANES,ALL__sex,sex,questionnaire_demographics,sex,demographics,,questionnaire,demographics_questionnaire,Respondent sex,binary_sex_v1,false,0.9999,categorical,true,false,false,support,data/nhanes_knhanes/tasks/standard_benchmark/current/relation_sources/common/questionnaire_item_metadata_harmonized_seed_v1.csv,Exact questionnaire seed and stable demographic adjustment feature
NHANES::DMDEDUC2,education_level,NHANES,DMDEDUC2,education level,questionnaire_demographics,education_attainment,demographics,,questionnaire,demographics_questionnaire,Respondent education level,education_attainment_ordinal_v1,false,0.9400,ordinal,true,false,false,support,data/nhanes_knhanes/tasks/standard_benchmark/current/relation_sources/common/questionnaire_item_metadata_harmonized_seed_v1.csv,Exact questionnaire seed after explicit KNHANES to NHANES 5-level collapse
KNHANES::ALL__educ,education_level,KNHANES,ALL__educ,education level,questionnaire_demographics,education_attainment,demographics,,questionnaire,demographics_questionnaire,Respondent education level,education_attainment_ordinal_v1,false,0.9300,ordinal,true,false,false,support,data/nhanes_knhanes/tasks/standard_benchmark/current/relation_sources/common/questionnaire_item_metadata_harmonized_seed_v1.csv,Exact questionnaire seed after deterministic collapse to NHANES 5-level education ladder
NHANES::DIQ010,diabetes_history,NHANES,DIQ010,diabetes history,questionnaire_health_history,diagnosed_diabetes,cardiometabolic,,questionnaire,health_history_questionnaire,Doctor told respondent they have diabetes,binary_diagnosed_diabetes_v1,false,0.9600,categorical,true,false,false,support,data/nhanes_knhanes/tasks/standard_benchmark/current/relation_sources/common/questionnaire_item_metadata_harmonized_seed_v1.csv,Exact questionnaire seed after non-response cleanup
KNHANES::ALL__de1_dg,diabetes_history,KNHANES,ALL__de1_dg,diabetes history,questionnaire_health_history,diagnosed_diabetes,cardiometabolic,,questionnaire,health_history_questionnaire,Doctor-diagnosed diabetes history,binary_diagnosed_diabetes_v1,false,0.8855,categorical,true,false,false,support,data/nhanes_knhanes/tasks/standard_benchmark/current/relation_sources/common/questionnaire_item_metadata_harmonized_seed_v1.csv,Corrected KNHANES diabetes questionnaire seed
NHANES::BPQ020,hypertension_history,NHANES,BPQ020,hypertension history,questionnaire_health_history,diagnosed_hypertension,cardiometabolic,,questionnaire,health_history_questionnaire,Ever told had high blood pressure,binary_diagnosed_hypertension_v1,false,0.9600,categorical,true,false,false,support,data/nhanes_knhanes/tasks/standard_benchmark/current/relation_sources/common/questionnaire_item_metadata_harmonized_seed_v1.csv,Exact questionnaire seed after standard yes or no recode
KNHANES::ALL__di1_dg,hypertension_history,KNHANES,ALL__di1_dg,hypertension history,questionnaire_health_history,diagnosed_hypertension,cardiometabolic,,questionnaire,health_history_questionnaire,Doctor-diagnosed hypertension history,binary_diagnosed_hypertension_v1,false,0.8840,categorical,true,false,false,support,data/nhanes_knhanes/tasks/standard_benchmark/current/relation_sources/common/questionnaire_item_metadata_harmonized_seed_v1.csv,Corrected KNHANES hypertension questionnaire seed
NHANES::SMQ040,current_smoking_status,NHANES,SMQ040,current smoking status,questionnaire_behavior,smoking_status,behavioral_risk,,questionnaire,behavior_questionnaire,Do you now smoke cigarettes,binary_current_smoking_status_v1,false,0.7450,categorical,true,false,false,support,data/nhanes_knhanes/tasks/standard_benchmark/current/relation_sources/common/questionnaire_item_metadata_harmonized_seed_v1.csv,Exact questionnaire seed after current smoker binary collapse
KNHANES::ALL__bs3_1,current_smoking_status,KNHANES,ALL__bs3_1,current smoking status,questionnaire_behavior,smoking_status,behavioral_risk,,questionnaire,behavior_questionnaire,Current smoking status,binary_current_smoking_status_v1,false,0.6890,categorical,true,false,false,support,data/nhanes_knhanes/tasks/standard_benchmark/current/relation_sources/common/questionnaire_item_metadata_harmonized_seed_v1.csv,Exact questionnaire seed using processed KNHANES smoking field
