family,backbone,support,sigma,n,rho,origin
pairwise,histgb,32,0.125,20,0.09473684210526316,NEW packaging calculation from frozen CELL_DOSE_V1.csv; average-tie ranks
pairwise,histgb,32,0.25,20,0.4030075187969925,NEW packaging calculation from frozen CELL_DOSE_V1.csv; average-tie ranks
pairwise,histgb,32,0.5,20,0.4255639097744361,NEW packaging calculation from frozen CELL_DOSE_V1.csv; average-tie ranks
pairwise,histgb,32,1.0,20,0.1368421052631579,NEW packaging calculation from frozen CELL_DOSE_V1.csv; average-tie ranks
pairwise,histgb,32,2.0,20,0.34135338345864663,NEW packaging calculation from frozen CELL_DOSE_V1.csv; average-tie ranks
pairwise,histgb,32,4.0,20,0.1443609022556391,NEW packaging calculation from frozen CELL_DOSE_V1.csv; average-tie ranks
pairwise,histgb,512,0.125,20,0.3954887218045113,NEW packaging calculation from frozen CELL_DOSE_V1.csv; average-tie ranks
pairwise,histgb,512,0.25,20,0.3548872180451128,NEW packaging calculation from frozen CELL_DOSE_V1.csv; average-tie ranks
pairwise,histgb,512,0.5,20,0.4030075187969925,NEW packaging calculation from frozen CELL_DOSE_V1.csv; average-tie ranks
pairwise,histgb,512,1.0,20,0.12030075187969924,NEW packaging calculation from frozen CELL_DOSE_V1.csv; average-tie ranks
pairwise,histgb,512,2.0,20,0.042105263157894736,NEW packaging calculation from frozen CELL_DOSE_V1.csv; average-tie ranks
pairwise,histgb,512,4.0,20,0.07969924812030076,NEW packaging calculation from frozen CELL_DOSE_V1.csv; average-tie ranks
pairwise,xgb,32,0.125,20,0.0962406015037594,NEW packaging calculation from frozen CELL_DOSE_V1.csv; average-tie ranks
pairwise,xgb,32,0.25,20,0.24210526315789474,NEW packaging calculation from frozen CELL_DOSE_V1.csv; average-tie ranks
pairwise,xgb,32,0.5,20,0.25413533834586466,NEW packaging calculation from frozen CELL_DOSE_V1.csv; average-tie ranks
pairwise,xgb,32,1.0,20,0.21503759398496242,NEW packaging calculation from frozen CELL_DOSE_V1.csv; average-tie ranks
pairwise,xgb,32,2.0,20,0.10075187969924812,NEW packaging calculation from frozen CELL_DOSE_V1.csv; average-tie ranks
pairwise,xgb,32,4.0,20,0.20451127819548873,NEW packaging calculation from frozen CELL_DOSE_V1.csv; average-tie ranks
pairwise,xgb,512,0.125,20,0.4270676691729323,NEW packaging calculation from frozen CELL_DOSE_V1.csv; average-tie ranks
pairwise,xgb,512,0.25,20,0.3172932330827068,NEW packaging calculation from frozen CELL_DOSE_V1.csv; average-tie ranks
pairwise,xgb,512,0.5,20,0.3518796992481203,NEW packaging calculation from frozen CELL_DOSE_V1.csv; average-tie ranks
pairwise,xgb,512,1.0,20,0.05413533834586466,NEW packaging calculation from frozen CELL_DOSE_V1.csv; average-tie ranks
pairwise,xgb,512,2.0,20,-0.0015037593984962407,NEW packaging calculation from frozen CELL_DOSE_V1.csv; average-tie ranks
pairwise,xgb,512,4.0,20,0.02556390977443609,NEW packaging calculation from frozen CELL_DOSE_V1.csv; average-tie ranks
sparse,histgb,32,0.125,20,0.22556390977443608,NEW packaging calculation from frozen CELL_DOSE_V1.csv; average-tie ranks
sparse,histgb,32,0.25,20,0.23007518796992482,NEW packaging calculation from frozen CELL_DOSE_V1.csv; average-tie ranks
sparse,histgb,32,0.5,20,0.40902255639097745,NEW packaging calculation from frozen CELL_DOSE_V1.csv; average-tie ranks
sparse,histgb,32,1.0,20,0.15037593984962405,NEW packaging calculation from frozen CELL_DOSE_V1.csv; average-tie ranks
sparse,histgb,32,2.0,20,0.4781954887218045,NEW packaging calculation from frozen CELL_DOSE_V1.csv; average-tie ranks
sparse,histgb,32,4.0,20,0.41654135338345866,NEW packaging calculation from frozen CELL_DOSE_V1.csv; average-tie ranks
sparse,histgb,512,0.125,20,0.1699248120300752,NEW packaging calculation from frozen CELL_DOSE_V1.csv; average-tie ranks
sparse,histgb,512,0.25,20,0.07518796992481203,NEW packaging calculation from frozen CELL_DOSE_V1.csv; average-tie ranks
sparse,histgb,512,0.5,20,0.324812030075188,NEW packaging calculation from frozen CELL_DOSE_V1.csv; average-tie ranks
sparse,histgb,512,1.0,20,0.21503759398496242,NEW packaging calculation from frozen CELL_DOSE_V1.csv; average-tie ranks
sparse,histgb,512,2.0,20,0.39398496240601505,NEW packaging calculation from frozen CELL_DOSE_V1.csv; average-tie ranks
sparse,histgb,512,4.0,20,0.31278195488721805,NEW packaging calculation from frozen CELL_DOSE_V1.csv; average-tie ranks
sparse,xgb,32,0.125,20,-0.11127819548872181,NEW packaging calculation from frozen CELL_DOSE_V1.csv; average-tie ranks
sparse,xgb,32,0.25,20,0.20300751879699247,NEW packaging calculation from frozen CELL_DOSE_V1.csv; average-tie ranks
sparse,xgb,32,0.5,20,0.324812030075188,NEW packaging calculation from frozen CELL_DOSE_V1.csv; average-tie ranks
sparse,xgb,32,1.0,20,0.21203007518796993,NEW packaging calculation from frozen CELL_DOSE_V1.csv; average-tie ranks
sparse,xgb,32,2.0,20,0.45413533834586467,NEW packaging calculation from frozen CELL_DOSE_V1.csv; average-tie ranks
sparse,xgb,32,4.0,20,0.33533834586466166,NEW packaging calculation from frozen CELL_DOSE_V1.csv; average-tie ranks
sparse,xgb,512,0.125,20,0.20601503759398496,NEW packaging calculation from frozen CELL_DOSE_V1.csv; average-tie ranks
sparse,xgb,512,0.25,20,-0.10827067669172932,NEW packaging calculation from frozen CELL_DOSE_V1.csv; average-tie ranks
sparse,xgb,512,0.5,20,0.13533834586466165,NEW packaging calculation from frozen CELL_DOSE_V1.csv; average-tie ranks
sparse,xgb,512,1.0,20,0.21353383458646616,NEW packaging calculation from frozen CELL_DOSE_V1.csv; average-tie ranks
sparse,xgb,512,2.0,20,0.4556390977443609,NEW packaging calculation from frozen CELL_DOSE_V1.csv; average-tie ranks
sparse,xgb,512,4.0,20,0.33533834586466166,NEW packaging calculation from frozen CELL_DOSE_V1.csv; average-tie ranks
