id,study,decision,reason_code,publication,predictive_tabular_task,semantic_use,semantic_ablation,traceable_design,source_access_caveat
C01,LIFT,INCLUDE,,yes,yes,yes,yes,yes,
C02,TransTab,EXCLUDE,E4,yes,yes,yes,not_located,not_applicable,
C03,TabLLM,INCLUDE,,yes,yes,yes,yes,yes,
C04,PLATO,INCLUDE,,yes,yes,yes,yes,yes,
C05,CARTE,INCLUDE,,yes,yes,yes,yes,yes,
C06,FeatLLM,INCLUDE,,yes,yes,yes,yes,yes,
C07,TabuLa-8B,INCLUDE,,yes,yes,yes,yes,yes,
C08,ConTextTab,INCLUDE,,yes,yes,yes,yes,yes,
C09,TabSTAR,INCLUDE,,yes,yes,yes,yes,yes,
C10,TARTE,INCLUDE,,yes,yes,yes,yes,yes,official indexed excerpt; local mirror is preacceptance
