study,comparison_id,content_sensitivity_claim,content_sensitivity_support,predictive_utility_claim,predictive_utility_support,final_content_source,final_utility_source
LIFT,C01-A,Yes,Supported,Yes,Unsupported,content_sensitivity_final_adjudication.csv: C01-A,sources/final_consensus.xlsx: Final_P1-P6 / Operationalized support
LIFT,C01-B,Yes,Supported,Yes,Unsupported,content_sensitivity_final_adjudication.csv: C01-B,sources/final_consensus.xlsx: Final_P1-P6 / Operationalized support
LIFT,C01-C,No,Not claimed,Yes,Unsupported,"claim_coding_coder_a.csv; claim_coding_coder_b.csv: initial claim coding agrees; no explicit content-sensitivity claim, support not scored",sources/final_consensus.xlsx: Final_P1-P6 / Operationalized support
LIFT,C01-D,No,Not claimed,Yes,Indeterminate,"claim_coding_coder_a.csv; claim_coding_coder_b.csv: initial claim coding agrees; no explicit content-sensitivity claim, support not scored",sources/final_consensus.xlsx: Final_P1-P6 / Operationalized support
TabLLM,C03-A,Yes,Supported,No,Unsupported,content_sensitivity_final_adjudication.csv: C03-A,sources/final_consensus.xlsx: Final_P1-P6 / Operationalized support
TabLLM,C03-B,No,Not claimed,No,Unsupported,"claim_coding_coder_a.csv; claim_coding_coder_b.csv: initial claim coding agrees; no explicit content-sensitivity claim, support not scored",sources/final_consensus.xlsx: Final_P1-P6 / Operationalized support
TabLLM,C03-C,Yes,Unsupported,No,Unsupported,content_sensitivity_final_adjudication.csv: C03-C,sources/final_consensus.xlsx: Final_P1-P6 / Operationalized support
PLATO,C04-A,No,Not claimed,Yes,Indeterminate,"claim_coding_coder_a.csv; claim_coding_coder_b.csv: initial claim coding agrees; no explicit content-sensitivity claim, support not scored",sources/final_consensus.xlsx: Final_P1-P6 / Operationalized support
PLATO,C04-B,No,Not claimed,Yes,Unsupported,"claim_coding_coder_a.csv; claim_coding_coder_b.csv: initial claim coding agrees; no explicit content-sensitivity claim, support not scored",sources/final_consensus.xlsx: Final_P1-P6 / Operationalized support
PLATO,C04-C,No,Not claimed,No,Unsupported,"claim_coding_coder_a.csv; claim_coding_coder_b.csv: initial claim coding agrees; no explicit content-sensitivity claim, support not scored",sources/final_consensus.xlsx: Final_P1-P6 / Operationalized support
CARTE,C05-A,No,Not claimed,Yes,Unsupported,"claim_coding_coder_a.csv; claim_coding_coder_b.csv: initial claim coding agrees; no explicit content-sensitivity claim, support not scored",sources/final_consensus.xlsx: Final_P1-P6 / Operationalized support
CARTE,C05-B,No,Not claimed,Yes,Indeterminate,"claim_coding_coder_a.csv; claim_coding_coder_b.csv: initial claim coding agrees; no explicit content-sensitivity claim, support not scored",sources/final_consensus.xlsx: Final_P1-P6 / Operationalized support
CARTE,C05-C,No,Not claimed,Yes,Unsupported,"claim_coding_coder_a.csv; claim_coding_coder_b.csv: initial claim coding agrees; no explicit content-sensitivity claim, support not scored",sources/final_consensus.xlsx: Final_P1-P6 / Operationalized support
FeatLLM,C06-A,No,Not claimed,Yes,Indeterminate,"claim_coding_coder_a.csv; claim_coding_coder_b.csv: initial claim coding agrees; no explicit content-sensitivity claim, support not scored",sources/final_consensus.xlsx: Final_P1-P6 / Operationalized support
TabuLa-8B,C07-A,Unclear,Not claimed,Yes,Supported,"claim_coding_coder_a.csv; claim_coding_coder_b.csv: initial claim coding agrees; no explicit content-sensitivity claim, support not scored",sources/final_consensus.xlsx: Final_P1-P6 / Operationalized support
ConTextTab,C08-A,No,Not claimed,Yes,Unsupported,"claim_coding_coder_a.csv; claim_coding_coder_b.csv: initial claim coding agrees; no explicit content-sensitivity claim, support not scored",sources/final_consensus.xlsx: Final_P1-P6 / Operationalized support
ConTextTab,C08-B,No,Not claimed,Yes,Unsupported,"claim_coding_coder_a.csv; claim_coding_coder_b.csv: initial claim coding agrees; no explicit content-sensitivity claim, support not scored",sources/final_consensus.xlsx: Final_P1-P6 / Operationalized support
ConTextTab,C08-C,No,Not claimed,Yes,Unsupported,"claim_coding_coder_a.csv; claim_coding_coder_b.csv: initial claim coding agrees; no explicit content-sensitivity claim, support not scored",sources/final_consensus.xlsx: Final_P1-P6 / Operationalized support
ConTextTab,C08-D,No,Not claimed,Yes,Unsupported,"claim_coding_coder_a.csv; claim_coding_coder_b.csv: initial claim coding agrees; no explicit content-sensitivity claim, support not scored",sources/final_consensus.xlsx: Final_P1-P6 / Operationalized support
ConTextTab,C08-E,No,Not claimed,Yes,Indeterminate,"claim_coding_coder_a.csv; claim_coding_coder_b.csv: initial claim coding agrees; no explicit content-sensitivity claim, support not scored",sources/final_consensus.xlsx: Final_P1-P6 / Operationalized support
ConTextTab,C08-F,No,Not claimed,Unclear,Indeterminate,"claim_coding_coder_a.csv; claim_coding_coder_b.csv: initial claim coding agrees; no explicit content-sensitivity claim, support not scored",sources/final_consensus.xlsx: Final_P1-P6 / Operationalized support
TabSTAR,C09-A,No,Not claimed,Unclear,Supported,"claim_coding_coder_a.csv; claim_coding_coder_b.csv: initial claim coding agrees; no explicit content-sensitivity claim, support not scored",sources/final_consensus.xlsx: Final_P1-P6 / Operationalized support
TabSTAR,C09-B,No,Not claimed,Yes,Indeterminate,"claim_coding_coder_a.csv; claim_coding_coder_b.csv: initial claim coding agrees; no explicit content-sensitivity claim, support not scored",sources/final_consensus.xlsx: Final_P1-P6 / Operationalized support
TARTE,C10-A,No,Not claimed,No,Indeterminate,"claim_coding_coder_a.csv; claim_coding_coder_b.csv: initial claim coding agrees; no explicit content-sensitivity claim, support not scored",sources/final_consensus.xlsx: Final_P1-P6 / Operationalized support
TARTE,C10-B,No,Not claimed,Yes,Unsupported,"claim_coding_coder_a.csv; claim_coding_coder_b.csv: initial claim coding agrees; no explicit content-sensitivity claim, support not scored",sources/final_consensus.xlsx: Final_P1-P6 / Operationalized support
