axis,claim,support,count,comparison_ids
content,Yes,Supported,1,C03-A
content,Yes,None,2,C01-C;C01-D
content,Yes,Unclear,3,C01-A;C01-B;C03-C
content,No,Supported,0,
content,No,None,16,C04-A;C04-B;C04-C;C05-A;C05-B;C05-C;C06-A;C07-A;C08-A;C08-B;C08-C;C08-D;C08-E;C08-F;C09-A;C09-B
content,No,Unclear,0,
content,Unclear,Supported,0,
content,Unclear,None,3,C03-B;C10-A;C10-B
content,Unclear,Unclear,0,
utility,Yes,Supported,2,C07-A;C09-B
utility,Yes,None,6,C01-A;C01-B;C01-C;C01-D;C04-B;C05-A
utility,Yes,Unclear,3,C04-A;C06-A;C08-F
utility,No,Supported,2,C08-E;C09-A
utility,No,None,8,C03-A;C03-B;C03-C;C04-C;C08-A;C08-B;C08-C;C08-D
utility,No,Unclear,0,
utility,Unclear,Supported,0,
utility,Unclear,None,2,C05-C;C10-B
utility,Unclear,Unclear,2,C05-B;C10-A
