dataset,n_adapt,family,utility,ci_low,ci_high,category
bank,0,R1,0.0900236125254071,0.078347500826455,0.10110409759674868,positive
bank,0,R2,0.002462544296650959,-0.007301860122273454,0.012982604622984338,near-zero
bank,0,R3,0.026217410511631047,0.01600080222543693,0.03669337436805907,unresolved
blood,0,R1,0.11879014091163782,0.037704387829442215,0.19918574781538434,positive
blood,0,R2,0.17940007046410394,0.1078665199080957,0.25319513018872575,positive
blood,0,R3,0.07019393374093419,-0.0093098468223884,0.14751807860083105,unresolved
calhousing,0,R1,0.05291090398741442,0.039392768269028315,0.06660529000846788,positive
calhousing,0,R2,0.045455078219256054,0.032971760663240264,0.057880702703698286,positive
calhousing,0,R3,0.08245049193801765,0.07051643519280319,0.09518283360892997,positive
car,0,R1,0.2973299350155984,0.2637841337780759,0.32944291536711007,positive
car,0,R2,0.3153333759011462,0.27824301002908575,0.35343487834816556,positive
car,0,R3,0.3162080441094847,0.2832396494313748,0.35018646504794076,positive
creditg,0,R1,-0.003282620599176456,-0.05121842353273173,0.0410479160245495,unresolved
creditg,0,R2,-0.033805631496469576,-0.08610798416619957,0.01697819441467541,unresolved
creditg,0,R3,-0.016447663024335268,-0.07134337990767219,0.03478781625593653,unresolved
diabetes,0,R1,0.16434307703073567,0.1021843350573958,0.22377387283604885,positive
diabetes,0,R2,0.0776371752946021,0.0008214630200483393,0.15281007222700999,unresolved
diabetes,0,R3,0.09792355194461982,0.033606879646020306,0.16655808988508616,positive
heart,0,R1,-0.020851011232023133,-0.050844517782436656,0.009830320043499884,unresolved
heart,0,R2,-0.10890666570640513,-0.13777470490105845,-0.07962228208917613,negative
heart,0,R3,-0.02447103525262151,-0.05007996028776324,0.0006699199002875654,unresolved
income,0,R1,0.07397230253058396,0.0684261177474869,0.07959607258242676,positive
income,0,R2,0.06651550976745232,0.06112855594095726,0.0723380941213211,positive
income,0,R3,0.04588684017456914,0.040815034556616565,0.05126873992052744,positive
jungle,0,R1,0.025261551398427583,0.018079218081892202,0.032377610588642435,unresolved
jungle,0,R2,0.10064501485238726,0.09252809407590235,0.10824653607390777,positive
jungle,0,R3,0.11518970347049277,0.10698092774411366,0.12277470893655168,positive
