dataset,reference_id,intended_auc,reference_auc,utility
bank,ref_00,0.609694890988275,0.520315796788847,0.08937909419942802
bank,ref_01,0.609694890988275,0.46712701977054244,0.14256787121773257
bank,ref_02,0.609694890988275,0.4954272303541664,0.11426766063410859
bank,ref_03,0.609694890988275,0.5873863285558009,0.022308562432474144
bank,ref_04,0.609694890988275,0.48997773131512695,0.11971715967314805
bank,ref_05,0.609694890988275,0.454527922600968,0.15516696838730698
bank,ref_06,0.609694890988275,0.5225174058476052,0.08717748514066981
bank,ref_07,0.609694890988275,0.5086531812692752,0.10104170971899984
bank,ref_08,0.609694890988275,0.5116696624877785,0.09802522850049655
bank,ref_09,0.609694890988275,0.4885415534991374,0.12115333748913759
bank,ref_10,0.609694890988275,0.44381059937882883,0.16588429160944618
bank,ref_11,0.609694890988275,0.5006445808243674,0.10905031016390765
bank,ref_12,0.609694890988275,0.45288415893472667,0.15681073205354834
bank,ref_13,0.609694890988275,0.5543792005906221,0.05531569039765294
bank,ref_14,0.609694890988275,0.4858022554546685,0.12389263553360652
bank,ref_15,0.609694890988275,0.5507510620246168,0.05894382896365824
bank,ref_16,0.609694890988275,0.4457661743741637,0.1639287166141113
bank,ref_17,0.609694890988275,0.49602265178458615,0.11367223920368885
bank,ref_18,0.609694890988275,0.46313187428764013,0.14656301670063487
bank,ref_19,0.609694890988275,0.5281974731157231,0.08149741787255194
bank,ref_20,0.609694890988275,0.46256671353445666,0.14712817745381834
bank,ref_21,0.609694890988275,0.4881731654355588,0.12152172555271623
bank,ref_22,0.609694890988275,0.5164432640673644,0.0932516269209106
bank,ref_23,0.609694890988275,0.5176105977031562,0.0920842932851188
blood,ref_00,0.566295176285481,0.4519667160082215,0.11432846027725946
blood,ref_01,0.566295176285481,0.3482675429352597,0.2180276333502213
blood,ref_02,0.566295176285481,0.398891696403015,0.167403479882466
blood,ref_03,0.566295176285481,0.38535031294489064,0.18094486334059035
blood,ref_04,0.566295176285481,0.3919655193288949,0.1743296569565861
blood,ref_05,0.566295176285481,0.36032316393327124,0.20597201235220974
blood,ref_06,0.566295176285481,0.3815245454832522,0.18477063080222877
blood,ref_07,0.566295176285481,0.47295120272678337,0.09334397355869761
blood,ref_08,0.566295176285481,0.3384982659810129,0.22779691030446808
blood,ref_09,0.566295176285481,0.36282591974308936,0.20346925654239162
blood,ref_10,0.566295176285481,0.36755697838895723,0.19873819789652375
blood,ref_11,0.566295176285481,0.32020208968791736,0.24609308659756363
blood,ref_12,0.566295176285481,0.3356080963583815,0.23068707992709947
blood,ref_13,0.566295176285481,0.3422150272727699,0.22408014901271106
blood,ref_14,0.566295176285481,0.431804489886371,0.13449068639911
blood,ref_15,0.566295176285481,0.3487940216556837,0.2175011546297973
blood,ref_16,0.566295176285481,0.3348098147749593,0.23148536151052168
blood,ref_17,0.566295176285481,0.3883337439067227,0.17796143237875828
blood,ref_18,0.566295176285481,0.37913477953714037,0.18716039674834062
blood,ref_19,0.566295176285481,0.4286276519539493,0.13766752433153168
blood,ref_20,0.566295176285481,0.41170329256336047,0.15459188372212052
blood,ref_21,0.566295176285481,0.3560653564666634,0.2102298198188176
blood,ref_22,0.566295176285481,0.3769858268094613,0.18930934947601968
blood,ref_23,0.566295176285481,0.34192807036973755,0.22436710591574344
calhousing,ref_00,0.6023841929628015,0.54924981470396,0.0531343782588416
calhousing,ref_01,0.6023841929628015,0.6116908035277915,-0.009306610564989937
calhousing,ref_02,0.6023841929628015,0.5890040711399263,0.01338012182287529
calhousing,ref_03,0.6023841929628015,0.5212948314699645,0.08108936149283708
calhousing,ref_04,0.6023841929628015,0.5741292754022137,0.028254917560587844
calhousing,ref_05,0.6023841929628015,0.6133126611325003,-0.010928468169698724
calhousing,ref_06,0.6023841929628015,0.5923342950520143,0.010049897910787253
calhousing,ref_07,0.6023841929628015,0.5977300863424675,0.004654106620334053
calhousing,ref_08,0.6023841929628015,0.5979930667889357,0.004391126173865834
calhousing,ref_09,0.6023841929628015,0.5674803252147309,0.03490386774807064
calhousing,ref_10,0.6023841929628015,0.5906329189274027,0.011751274035398884
calhousing,ref_11,0.6023841929628015,0.5740978776774075,0.028286315285394048
calhousing,ref_12,0.6023841929628015,0.5466446685833023,0.05573952437949925
calhousing,ref_13,0.6023841929628015,0.5356558257763726,0.06672836718642894
calhousing,ref_14,0.6023841929628015,0.5932649211946682,0.009119271768133319
calhousing,ref_15,0.6023841929628015,0.5315804024335067,0.07080379052929486
calhousing,ref_16,0.6023841929628015,0.5409966223897964,0.061387570573005146
calhousing,ref_17,0.6023841929628015,0.5833218982987136,0.01906229466408793
calhousing,ref_18,0.6023841929628015,0.49745885612850554,0.104925336834296
calhousing,ref_19,0.6023841929628015,0.5947399112213406,0.007644281741460923
calhousing,ref_20,0.6023841929628015,0.6008427733089803,0.0015414196538212632
calhousing,ref_21,0.6023841929628015,0.5812288744335895,0.02115531852921204
calhousing,ref_22,0.6023841929628015,0.5949415662558597,0.007442626706941846
calhousing,ref_23,0.6023841929628015,0.6066971692000107,-0.004312976237209165
car,ref_00,0.7882398759187097,0.48786408189366115,0.30037579402504855
car,ref_01,0.7882398759187097,0.48648589123592423,0.30175398468278547
car,ref_02,0.7882398759187097,0.5129886005134595,0.2752512754052502
car,ref_03,0.7882398759187097,0.5040374396173132,0.2842024363013965
car,ref_04,0.7882398759187097,0.4612017543989627,0.327038121519747
car,ref_05,0.7882398759187097,0.45368257484337937,0.3345573010753303
car,ref_06,0.7882398759187097,0.4993036526248133,0.2889362232938964
car,ref_07,0.7882398759187097,0.48088580280757787,0.30735407311113183
car,ref_08,0.7882398759187097,0.5106237429366873,0.27761613298202237
car,ref_09,0.7882398759187097,0.4618433657241311,0.3263965101945786
car,ref_10,0.7882398759187097,0.4712046318318851,0.3170352440868246
car,ref_11,0.7882398759187097,0.5168103112706197,0.27142956464809
car,ref_12,0.7882398759187097,0.4733684681566529,0.3148714077620568
car,ref_13,0.7882398759187097,0.49161067544366555,0.29662920047504415
car,ref_14,0.7882398759187097,0.48623746016679964,0.30200241575191006
car,ref_15,0.7882398759187097,0.5118432073125594,0.2763966686061503
car,ref_16,0.7882398759187097,0.4836658534285717,0.304574022490138
car,ref_17,0.7882398759187097,0.49656761743560807,0.29167225848310163
car,ref_18,0.7882398759187097,0.4429609861179684,0.3452788898007413
car,ref_19,0.7882398759187097,0.4687120296204804,0.3195278462982293
car,ref_20,0.7882398759187097,0.4600900056853631,0.3281498702333466
car,ref_21,0.7882398759187097,0.4996783214921326,0.2885615544265771
car,ref_22,0.7882398759187097,0.5181645565868989,0.27007531933181084
car,ref_23,0.7882398759187097,0.49489830095228776,0.29334157496642194
creditg,ref_00,0.527689005348808,0.531168335338975,-0.0034793299901669794
creditg,ref_01,0.527689005348808,0.5388175384793562,-0.01112853313054818
creditg,ref_02,0.527689005348808,0.526847087694604,0.0008419176542040496
creditg,ref_03,0.527689005348808,0.5243034672836613,0.0033855380651467426
creditg,ref_04,0.527689005348808,0.4995130948229045,0.028175910525903514
creditg,ref_05,0.527689005348808,0.5571653501002821,-0.029476344751474093
creditg,ref_06,0.527689005348808,0.4996985944855766,0.027990410863231452
creditg,ref_07,0.527689005348808,0.48233812594496434,0.04535087940384369
creditg,ref_08,0.527689005348808,0.5171598517934706,0.010529153555337456
creditg,ref_09,0.527689005348808,0.5130520904327998,0.01463691491600827
creditg,ref_10,0.527689005348808,0.5260910628430662,0.0015979425057418561
creditg,ref_11,0.527689005348808,0.5046816545530699,0.023007350795738124
creditg,ref_12,0.527689005348808,0.5261425460465196,0.001546459302288472
creditg,ref_13,0.527689005348808,0.5480014023941235,-0.02031239704531551
creditg,ref_14,0.527689005348808,0.5443712245411311,-0.016682219192323045
creditg,ref_15,0.527689005348808,0.5501319510673341,-0.02244294571852612
creditg,ref_16,0.527689005348808,0.49946268074725414,0.028226324601553887
creditg,ref_17,0.527689005348808,0.5319814128027244,-0.004292407453916347
creditg,ref_18,0.527689005348808,0.5198310450127497,0.007857960336058345
creditg,ref_19,0.527689005348808,0.5679326825973675,-0.040243677248559484
creditg,ref_20,0.527689005348808,0.5436722362511387,-0.01598323090233067
creditg,ref_21,0.527689005348808,0.5229301835258339,0.0047588218229741575
creditg,ref_22,0.527689005348808,0.5166297941709892,0.011059211177818828
creditg,ref_23,0.527689005348808,0.5099721556400448,0.017716849708763194
diabetes,ref_00,0.6466331823695487,0.48258807186068714,0.16404511050886156
diabetes,ref_01,0.6466331823695487,0.48693326804327536,0.15969991432627334
diabetes,ref_02,0.6466331823695487,0.48900984960664073,0.15762333276290796
diabetes,ref_03,0.6466331823695487,0.5482403803853685,0.09839280198418021
diabetes,ref_04,0.6466331823695487,0.4739870769261086,0.1726461054434401
diabetes,ref_05,0.6466331823695487,0.5036813159005661,0.1429518664689826
diabetes,ref_06,0.6466331823695487,0.4637569832162095,0.1828761991533392
diabetes,ref_07,0.6466331823695487,0.49582154910745385,0.15081163326209485
diabetes,ref_08,0.6466331823695487,0.5043710937030423,0.14226208866650636
diabetes,ref_09,0.6466331823695487,0.47580493403520785,0.17082824833434085
diabetes,ref_10,0.6466331823695487,0.545802573719822,0.1008306086497267
diabetes,ref_11,0.6466331823695487,0.5389886111087766,0.10764457126077209
diabetes,ref_12,0.6466331823695487,0.4903385095957895,0.1562946727737592
diabetes,ref_13,0.6466331823695487,0.4291902797773213,0.21744290259222737
diabetes,ref_14,0.6466331823695487,0.47591801086022417,0.17071517150932453
diabetes,ref_15,0.6466331823695487,0.5375202672573106,0.10911291511223808
diabetes,ref_16,0.6466331823695487,0.5589352767007331,0.08769790566881563
diabetes,ref_17,0.6466331823695487,0.48196931293411555,0.16466386943543315
diabetes,ref_18,0.6466331823695487,0.44874177742929594,0.19789140494025276
diabetes,ref_19,0.6466331823695487,0.4458708256876265,0.20076235668192222
diabetes,ref_20,0.6466331823695487,0.4327890444220957,0.213844137947453
diabetes,ref_21,0.6466331823695487,0.4681835897979424,0.1784495925716063
diabetes,ref_22,0.6466331823695487,0.49120654333858427,0.15542663903096443
diabetes,ref_23,0.6466331823695487,0.4635113685220665,0.18312181384748222
heart,ref_00,0.5420566924414825,0.56283875125386,-0.02078205881237749
heart,ref_01,0.5420566924414825,0.522050005960696,0.020006686480786517
heart,ref_02,0.5420566924414825,0.5249307623112546,0.017125930130227895
heart,ref_03,0.5420566924414825,0.5213836991708454,0.020672993270637097
heart,ref_04,0.5420566924414825,0.3995385707094063,0.14251812173207618
heart,ref_05,0.5420566924414825,0.5223382767069769,0.019718415734505612
heart,ref_06,0.5420566924414825,0.4577785084474388,0.08427818399404369
heart,ref_07,0.5420566924414825,0.4965564775644887,0.045500214876993794
heart,ref_08,0.5420566924414825,0.5608975331982133,-0.01884084075673087
heart,ref_09,0.5420566924414825,0.4583607674661275,0.08369592497535494
heart,ref_10,0.5420566924414825,0.5402663961529556,0.0017902962885268936
heart,ref_11,0.5420566924414825,0.4650870416613565,0.07696965078012596
heart,ref_12,0.5420566924414825,0.5567427799923169,-0.014686087550834448
heart,ref_13,0.5420566924414825,0.49619522902892826,0.045861463412554204
heart,ref_14,0.5420566924414825,0.48116957211367123,0.06088712032781124
heart,ref_15,0.5420566924414825,0.4205190169031659,0.12153767553831657
heart,ref_16,0.5420566924414825,0.46183979095075606,0.08021690149072641
heart,ref_17,0.5420566924414825,0.4844277359505586,0.057628956490923866
heart,ref_18,0.5420566924414825,0.5024506421663906,0.0396060502750919
heart,ref_19,0.5420566924414825,0.4817491570907874,0.06030753535069505
heart,ref_20,0.5420566924414825,0.5498039819634682,-0.0077472895219857785
heart,ref_21,0.5420566924414825,0.4936514753129896,0.04840521712849288
heart,ref_22,0.5420566924414825,0.46856411088984407,0.0734925815516384
heart,ref_23,0.5420566924414825,0.4481997307784562,0.09385696166302626
income,ref_00,0.8004329506126469,0.7266165347088877,0.0738164159037592
income,ref_01,0.8004329506126469,0.715876685873926,0.0845562647387208
income,ref_02,0.8004329506126469,0.7061516224411065,0.09428132817154034
income,ref_03,0.8004329506126469,0.7225760294114673,0.0778569212011796
income,ref_04,0.8004329506126469,0.7212866097173645,0.07914634089528239
income,ref_05,0.8004329506126469,0.7137037200675815,0.08672923054506532
income,ref_06,0.8004329506126469,0.7084747004201671,0.09195825019247972
income,ref_07,0.8004329506126469,0.7011094899370438,0.09932346067560305
income,ref_08,0.8004329506126469,0.7147134174755546,0.08571953313709224
income,ref_09,0.8004329506126469,0.7241736741751426,0.0762592764375043
income,ref_10,0.8004329506126469,0.7094894152276803,0.09094353538496658
income,ref_11,0.8004329506126469,0.7190348618789233,0.08139808873372356
income,ref_12,0.8004329506126469,0.7451801261287881,0.05525282448385871
income,ref_13,0.8004329506126469,0.7048674147962493,0.0955655358163976
income,ref_14,0.8004329506126469,0.7045545792638164,0.09587837134883048
income,ref_15,0.8004329506126469,0.7231305830024981,0.07730236761014875
income,ref_16,0.8004329506126469,0.6941704768828145,0.10626247372983233
income,ref_17,0.8004329506126469,0.7206269694871378,0.07980598112550907
income,ref_18,0.8004329506126469,0.7223370645029029,0.07809588610974394
income,ref_19,0.8004329506126469,0.7180144683277796,0.08241848228486726
income,ref_20,0.8004329506126469,0.7227846881658427,0.07764826244680412
income,ref_21,0.8004329506126469,0.7098537370170517,0.09057921359559518
income,ref_22,0.8004329506126469,0.7039806802651605,0.09645227034748638
income,ref_23,0.8004329506126469,0.7285417282607507,0.07189122235189616
jungle,ref_00,0.6217268368586455,0.5972147651646137,0.0245120716940318
jungle,ref_01,0.6217268368586455,0.5752282250293816,0.04649861182926385
jungle,ref_02,0.6217268368586455,0.5653322843271745,0.056394552531470965
jungle,ref_03,0.6217268368586455,0.5849037203834675,0.036823116475178
jungle,ref_04,0.6217268368586455,0.5772056823563552,0.04452115450229033
jungle,ref_05,0.6217268368586455,0.6013418486451994,0.020384988213446142
jungle,ref_06,0.6217268368586455,0.5917542599755543,0.029972576883091184
jungle,ref_07,0.6217268368586455,0.6155785383452468,0.006148298513398709
jungle,ref_08,0.6217268368586455,0.6105979965599404,0.01112884029870509
jungle,ref_09,0.6217268368586455,0.562658801053425,0.059068035805220465
jungle,ref_10,0.6217268368586455,0.5923111762790135,0.029415660579631964
jungle,ref_11,0.6217268368586455,0.5984884958734575,0.023238340985187955
jungle,ref_12,0.6217268368586455,0.6184706311325575,0.0032562057260879795
jungle,ref_13,0.6217268368586455,0.6198291431212583,0.0018976937373872405
jungle,ref_14,0.6217268368586455,0.5389702108379748,0.08275662602067069
jungle,ref_15,0.6217268368586455,0.5890696568094886,0.03265718004915685
jungle,ref_16,0.6217268368586455,0.641298067335153,-0.01957123047650755
jungle,ref_17,0.6217268368586455,0.6070053067864567,0.014721530072188793
jungle,ref_18,0.6217268368586455,0.6226600079879535,-0.0009331711293080192
jungle,ref_19,0.6217268368586455,0.5973819398741147,0.024344896984530795
jungle,ref_20,0.6217268368586455,0.5407266607050439,0.08100017615360156
jungle,ref_21,0.6217268368586455,0.5907521044755958,0.030974732383049708
jungle,ref_22,0.6217268368586455,0.5639839123646201,0.057742924494025405
jungle,ref_23,0.6217268368586455,0.5946223322993839,0.02710450455926161
