observed_variance,within_variance,common_shift_variance,spread_noise_variance,corrected_reference_variance_raw,observed_sd,within_se_rms,corrected_reference_sd,reference_sd_to_within_se,noise_fraction_of_observed_spread,dataset,n_unique_rows,n_split_occurrences,draw_count,seed,min_utility,max_utility,observed_range,point_sign_crossing,bootstrap_sign_crossing_frequency,within_dataset_max_t_critical,resolved_crossing_within_dataset,heterogeneity_centered_bootstrap_p,heterogeneity_bonferroni_9_p,max_original_auc_error,wall_seconds,split_utility_sd_rms,resolved_crossing_global_216,positive_refs_global_216,negative_refs_global_216,resolved_crossing_pointwise
0.0012674386502863231,3.2093449347382754e-05,2.830584570892673e-05,3.787603638456023e-06,0.0012636510466478672,0.03560110462171537,0.005665108061403838,0.03554786979057771,6.274879385402014,0.002988392091088888,bank,30446,45215,5000,11686136226561076280,0.022308562432474234,0.16588429160944623,0.143575729176972,False,0.0,2.479207134231484,False,0.0001999600079984003,0.0017996400719856027,0.0,32.25433284416795,0.005611262699451595,False,24,0,False
0.0014955308847865347,0.0020890002111647915,0.001803747844280407,0.0002852523668843846,0.0012102785179021502,0.03867209439358741,0.04570558183816055,0.034789057444865476,0.76115555356128,0.19073652693244125,blood,503,750,5000,13266059485356673766,0.0933439735586977,0.24609308659756363,0.15274911303886593,False,0.011,2.5567632450753277,False,0.002999400119976005,0.026994601079784044,0.0,0.8846000307239592,0.07028649227585147,False,21,0,False
0.0009377372030814013,4.164133553964435e-05,3.4548003152102747e-05,7.093332387541605e-06,0.0009306438706938597,0.030622495049904105,0.006453009804706975,0.03050645621329786,4.72747712099333,0.0075643073179062735,calhousing,13889,20640,5000,15047068894150518792,-0.01092846816969877,0.10492533683429595,0.11585380500399471,True,0.9698,2.639285935530521,False,0.0001999600079984003,0.0017996400719856027,0.0,16.91578109189868,0.009542838402643285,False,11,0,False
0.00043219534547865476,0.00025184277626949617,0.00022647322585291304,2.5369550416583128e-05,0.0004068257950620716,0.0207893084415681,0.015869555011703895,0.020169923030643216,1.2709822686123067,0.05869926800920645,car,1156,1730,5000,1728390309315917312,0.27007531933181095,0.3452788898007413,0.07520357046893034,False,0.0,2.5170596892906065,False,0.0001999600079984003,0.0017996400719856027,0.0,3.288637711200863,0.024180325261754225,False,24,0,False
0.00040634354210295046,0.0005003980396894439,0.000437350198236264,6.304784145317986e-05,0.0003432957006497706,0.02015796473116645,0.02236957844237222,0.01852824062478061,0.8282784886855362,0.15515896014216998,creditg,676,1000,5000,8330796105615000102,-0.04024367724855944,0.04535087940384377,0.0855945566524032,True,0.9556,2.5971594060325245,False,0.0001999600079984003,0.0017996400719856027,0.0,0.5623635840602219,0.042611239250462465,False,0,0,False
0.0012328343146201749,0.001019211456645591,0.000762415725124435,0.000256795731521156,0.0009760385830990189,0.0351117404100135,0.03192509133339466,0.031241616204975998,0.9785912866691244,0.20829703430202823,diabetes,513,770,5000,415496588654340486,0.08769790566881558,0.2174429025922274,0.12974499692341182,False,0.0024,2.7663261098757226,False,0.0003999200159968006,0.0035992801439712055,0.0,0.5055147809907794,0.04346169297472913,False,21,0,False
0.001820479779416891,0.00029181686249453274,0.00024904647204073305,4.277039045379969e-05,0.0017777093889630913,0.0426670807463657,0.017082647994223047,0.04216289113620046,2.4681706928843212,0.02349402115715851,heart,639,920,5000,2278068904526638184,-0.020782058812377623,0.14251812173207615,0.16330018054445378,True,0.943,2.5668422851811603,False,0.0001999600079984003,0.0017996400719856027,0.0,0.663083259947598,0.019635921899931786,False,10,0,False
0.00011538601573594903,8.427319494432281e-06,7.432566262440441e-06,9.947532319918405e-07,0.00011439126250395718,0.010741788293200952,0.0029029845839122674,0.010695385103116071,3.6842720978911343,0.008621090048453078,income,32680,48845,5000,2482271457390579428,0.05525282448385869,0.10626247372983241,0.051009649245973725,False,0.0,2.508059994268955,False,0.0001999600079984003,0.0017996400719856027,0.0,40.092979532666504,0.005841708518967315,False,24,0,False
0.0006049627603223283,1.4128090245970123e-05,1.0931397168895224e-05,3.1966930770748993e-06,0.0006017660672452534,0.024595990736750742,0.0037587351923180387,0.024530920635908744,6.526376395454544,0.005284115464184406,jungle,30221,44820,5000,5937496947140912159,-0.019571230476507395,0.08275662602067076,0.10232785649717815,True,1.0,2.743140287780713,True,0.0001999600079984003,0.0017996400719856027,0.0,35.33691687928513,0.0061727456605791715,True,18,1,True
