dataset,reference_id,utility,bootstrap_se,percentile_lower,percentile_upper,simultaneous_24_lower,simultaneous_24_upper,simultaneous_216_lower,simultaneous_216_upper
bank,ref_00,0.08937909419942809,0.005818242060746722,0.07786894408194885,0.10066255374699118,0.07495446697373913,0.10380372142511705,0.06962792520374393,0.10913026319511225
bank,ref_01,0.14256787121773268,0.005998839735353095,0.13069085230147642,0.1542187904197437,0.12769550494873397,0.1574402374867314,0.12220362783391964,0.16293211460154572
bank,ref_02,0.1142676606341086,0.005371211666268335,0.10385796441121425,0.12462452545448122,0.10095131435162877,0.12758400691658844,0.09603402438721091,0.1325012968810063
bank,ref_03,0.022308562432474234,0.00435505376180977,0.013875493260904656,0.030673978407289634,0.01151148207623379,0.03310564278871468,0.007524474397512835,0.03709265046743564
bank,ref_04,0.11971715967314814,0.005605083511798139,0.10871910609537162,0.13070321995442746,0.10582099664273494,0.13361332270356135,0.10068959936874933,0.13874471997754695
bank,ref_05,0.15516696838730706,0.005907010967301855,0.14350434675668705,0.16676745573715185,0.1405222646551887,0.16981167211942544,0.13511445584891243,0.1752194809257017
bank,ref_06,0.08717748514066988,0.00555193902620101,0.07633777774594389,0.09802886980186115,0.07341307829809414,0.10094189198324562,0.06833033426325233,0.10602463601808743
bank,ref_07,0.10104170971899981,0.0055098930073437975,0.09035032065476305,0.11164936128848642,0.0873815436663409,0.11470187577165872,0.08233729233657507,0.11974612710142456
bank,ref_08,0.09802522850049662,0.005625395236247778,0.08700339808163966,0.10901904305145123,0.08407870849791932,0.11197174850307393,0.07892871604560116,0.11712174095539209
bank,ref_09,0.12115333748913759,0.005756866453327463,0.10979188864468965,0.13222955690724852,0.10688087310723024,0.13542580187104494,0.1016105200851703,0.14069615489310489
bank,ref_10,0.16588429160944623,0.006041408230099013,0.1540649725306057,0.1776336185022538,0.15090638922457997,0.1808621939943125,0.14537554108329703,0.18639304213559543
bank,ref_11,0.10905031016390762,0.005565978198999492,0.09831355165080839,0.11988150107024358,0.09525109730397117,0.12284952302384407,0.09015550054840263,0.1279451197794126
bank,ref_12,0.1568107320535484,0.006155369768383016,0.14485959845429547,0.16864970156503206,0.14155029540994044,0.17207116869715636,0.1359151166327876,0.1777063474743092
bank,ref_13,0.05531569039765298,0.0053725830019883385,0.04480802694532234,0.06568729898054755,0.04199594428987269,0.06863543650543327,0.03707739888147071,0.07355398191383525
bank,ref_14,0.12389263553360656,0.005711836180947849,0.1128486572816727,0.13497291973343145,0.10973181052423914,0.138053460542974,0.10450268226117684,0.14328258880603628
bank,ref_15,0.05894382896365835,0.0051674960776276445,0.0487918763727489,0.06897952353324163,0.04613253582189068,0.07175512210542602,0.04140174541881189,0.07648591250850481
bank,ref_16,0.16392871661411132,0.0061667647280357635,0.15172377084677127,0.17574549861197253,0.14864002950523797,0.17921740372298467,0.14299441875775393,0.1848630144704687
bank,ref_17,0.11367223920368885,0.005538679953203407,0.1029389343769719,0.12431496055355576,0.09994070434948206,0.12740377405789563,0.09487009886188799,0.1324743795454897
bank,ref_18,0.14656301670063485,0.005936213611359438,0.13492482052435417,0.15813454058191898,0.13184591356503048,0.16128011983623922,0.12641137003342948,0.16671466336784022
bank,ref_19,0.08149741787255202,0.005702343656603654,0.07033280072378596,0.0924775755881492,0.0673601267972606,0.09563470894784344,0.06213968884424283,0.10085514690086121
bank,ref_20,0.14712817745381834,0.006002090627925424,0.1352119176635779,0.1587650190541637,0.1322477515487617,0.162008603358875,0.12675289827467184,0.16750345663296484
bank,ref_21,0.12152172555271627,0.005763018836589806,0.1100860117613291,0.13285348825788582,0.10723400813833239,0.13580944296710015,0.10195802267161137,0.14108542843382116
bank,ref_22,0.09325162692091063,0.005531900842028976,0.08240752799064265,0.10401577123197678,0.07953689888749124,0.10696635495433002,0.074472499607624,0.11203075423419726
bank,ref_23,0.09208429328511883,0.005517999982577437,0.08135556060887703,0.10262789430695313,0.07840402836162365,0.10576455820861401,0.07335235517801271,0.11081623139222495
blood,ref_00,0.11432846027725956,0.04093898594788858,0.032942272510468905,0.19180877333265514,0.009657165715042715,0.2189997548394764,-0.024646993395238584,0.2533039139497577
blood,ref_01,0.21802763335022135,0.04760853853058409,0.12121428239690674,0.3093142753896758,0.0963038718834714,0.3397513948169713,0.05641106938855897,0.3796441973118837
blood,ref_02,0.16740347988246612,0.040149891018150204,0.08784062425117005,0.24397009154330435,0.06474971423347965,0.2700572455314526,0.031106764417862337,0.30370019534706993
blood,ref_03,0.18094486334059046,0.042426736044580554,0.09574402082732779,0.26211403195079497,0.0724697440132943,0.2894199826678866,0.03691894884568073,0.3249707778355002
blood,ref_04,0.17432965695658614,0.04694138625615729,0.07984689393445178,0.26318955168622415,0.05431164590395904,0.29434766800921325,0.014977872834002454,0.33368144107916986
blood,ref_05,0.2059720123522098,0.048707149310026294,0.10741159726632764,0.2968316704435168,0.08143936322393847,0.33050466148048113,0.04062599764946595,0.37131802705495365
blood,ref_06,0.18477063080222886,0.04216335882756212,0.10007202555145156,0.2662009406532629,0.07696890466299566,0.29257235694146205,0.04163880216153956,0.3279024594429182
blood,ref_07,0.0933439735586977,0.03903391268119459,0.016150014712234016,0.16845804404793505,-0.0064564996960603666,0.19314444681345577,-0.039164333569058046,0.22585228068645344
blood,ref_08,0.2277969103044682,0.05010014738388744,0.12494932967890782,0.32238498234459206,0.09970269490048794,0.35589112570844844,0.057722089189025355,0.39787173141991106
blood,ref_09,0.20346925654239173,0.04555291826129976,0.11229773602298299,0.291724108691162,0.0870012294259798,0.31993728365880364,0.048830900586804976,0.3581076124979785
blood,ref_10,0.19873819789652386,0.05073088623133752,0.09662442827981475,0.29655380814307114,0.06903133259014207,0.3284450632029057,0.026522209494113463,0.3709541862989343
blood,ref_11,0.24609308659756363,0.04799641579213591,0.14883464884422362,0.3374909889541938,0.12337761480487751,0.36880855839024973,0.0831597968512903,0.409026376343837
blood,ref_12,0.23068707992709953,0.049896140629670876,0.12856596713298524,0.3254809361936644,0.10311446149404732,0.3582596983601517,0.061304799932621196,0.4000693599215779
blood,ref_13,0.22408014901271112,0.04831674879475371,0.12714134659712842,0.3152762121694741,0.1005456615727472,0.34761463645267504,0.06005942577646933,0.3881008722489529
blood,ref_14,0.13449068639911005,0.039498316210446346,0.05673522512039981,0.2109967941781703,0.03350284326987783,0.23547852952834225,0.00040586999369349175,0.2685755028045266
blood,ref_15,0.21750115462979736,0.05158137258456875,0.11141290376326682,0.3146816614201549,0.08561979707503581,0.3493825121845589,0.04239802273699786,0.3926042865225968
blood,ref_16,0.23148536151052176,0.04587889376053854,0.14010561618923875,0.3184428205512745,0.11418389221886105,0.3487868308021825,0.07574041749849181,0.3872303055225517
blood,ref_17,0.1779614323787584,0.046324826147978275,0.08382009663135628,0.264849656521886,0.059519819549103056,0.2964030452084137,0.020702683019166,0.3352201817383508
blood,ref_18,0.1871603967483407,0.04137817424639901,0.10503545572246752,0.2656652384100467,0.08136620168682522,0.29295459180985617,0.046694031866883146,0.32762676162979826
blood,ref_19,0.1376675243315318,0.04135161042461267,0.0567485454822952,0.21933957166222295,0.03194124667320836,0.24339380198985522,-0.002708664423220264,0.27804371308628384
blood,ref_20,0.1545918837221206,0.04337054842247984,0.06532651308667392,0.23482943856376978,0.04370365959676441,0.2654801078474768,0.007362012158825371,0.3018217552854158
blood,ref_21,0.21022981981881764,0.05059957779984011,0.10818843171499767,0.30501934445848006,0.08085867908385694,0.3396009605537783,0.038459583757747745,0.3820000558798875
blood,ref_22,0.1893093494760198,0.04470640597995702,0.10014109497436023,0.2747817741039436,0.07500565384704984,0.30361304510498976,0.03754464624081791,0.3410740527112217
blood,ref_23,0.22436710591574344,0.047790153500388344,0.1280864563205994,0.31358944932019833,0.1021789979694425,0.34655521386204435,0.062134014156973644,0.38660019767451326
calhousing,ref_00,0.0531343782588416,0.006779667158516274,0.03981225592633633,0.06684403760093308,0.03524089807979142,0.07102785843789178,0.03011946234708268,0.07614929417060051
calhousing,ref_01,-0.00930661056498996,0.006416230340641028,-0.02168902079840443,0.003331495275321249,-0.02624087706216803,0.00762765593218811,-0.031087768593498072,0.012474547463518152
calhousing,ref_02,0.01338012182287529,0.0060598511363047156,0.0015952824596123182,0.025285579703737147,-0.0026135580525823918,0.029373801698332973,-0.007191236782043597,0.03395148042779418
calhousing,ref_03,0.08108936149283705,0.007132045488072242,0.06754159326975613,0.09534318194680629,0.06226585414460407,0.09991286884107003,0.0568782279151903,0.1053004950704838
calhousing,ref_04,0.028254917560587844,0.006569603580903127,0.015258307994786217,0.04137589091472262,0.010915855227499272,0.04559397989367642,0.005953103850139335,0.050556731271036354
calhousing,ref_05,-0.01092846816969877,0.006502854263275268,-0.023835672743181303,0.0020195983246662275,-0.02809135996756587,0.006234423628168333,-0.03300368817038931,0.011146751830991772
calhousing,ref_06,0.010049897910787298,0.006216839898007159,-0.002042746995533534,0.022004091419522257,-0.006358120195467998,0.026457916017042594,-0.011054389975937752,0.03115418579751235
calhousing,ref_07,0.004654106620334076,0.0067033360820922495,-0.008484130254209252,0.017765686128565467,-0.013037914022266265,0.022346127262934418,-0.018101688413618,0.027409901654286146
calhousing,ref_08,0.004391126173865856,0.006156893764413117,-0.007773781325946877,0.016315965875032895,-0.011858676945105251,0.020640929292836965,-0.016509662751679532,0.02529191509941124
calhousing,ref_09,0.0349038677480706,0.006420592055041742,0.02222230660740159,0.047376694874600174,0.01795808943941992,0.05184964605672127,0.013107903020676472,0.05669983247546472
calhousing,ref_10,0.011751274035398796,0.006198121228092053,-0.0006527685896546839,0.02356142175794317,-0.004607340148617722,0.028109888219415312,-0.00928946963831353,0.032792017709111124
calhousing,ref_11,0.028286315285394048,0.006210301163765688,0.016155591439750126,0.04017358218794384,0.011895554768458438,0.04467707580232966,0.007204224420324812,0.049368406150463284
calhousing,ref_12,0.05573952437949927,0.006715798849705786,0.04287098443769598,0.06905531518800656,0.03801461092961873,0.07346443782937981,0.03294142202544624,0.0785376267335523
calhousing,ref_13,0.0667283671864288,0.007076327203238706,0.0526182438492509,0.0806342741406082,0.04805191632370885,0.08540481804914875,0.04270638030436585,0.09075035406849175
calhousing,ref_14,0.009119271768133342,0.006580177338851158,-0.0037106135540903445,0.022272880101192803,-0.00824769773559317,0.026486241271859855,-0.0132184366469305,0.03145698018319718
calhousing,ref_15,0.0708037905292948,0.006890367715007615,0.056952260612792086,0.08435557689007929,0.05261813992844162,0.08898944113014796,0.047413079768103966,0.09419450129048562
calhousing,ref_16,0.061387570573005125,0.0065436867170366115,0.048634978565016924,0.07430528424921151,0.04411691025421251,0.07865823089179774,0.03917373676313847,0.08360140438287178
calhousing,ref_17,0.01906229466408791,0.006183978957033763,0.007209626197538736,0.031183866512621495,0.002741005977172001,0.03538358335100382,-0.0019304402841814547,0.040055029612357275
calhousing,ref_18,0.10492533683429595,0.006623864647596772,0.09178880509815236,0.11761990803314874,0.08744306403103595,0.12240760963755594,0.08243932324234324,0.12741135042624865
calhousing,ref_19,0.007644281741460856,0.005955358582711151,-0.0039625363687884885,0.019580980645854645,-0.008073612406929661,0.023362175889851376,-0.012572356302974475,0.02786091978589619
calhousing,ref_20,0.001541419653821241,0.006399783905253327,-0.010945229547513508,0.01403301152966013,-0.015349439997748458,0.01843227930539094,-0.02018390770945714,0.023266747017099625
calhousing,ref_21,0.021155318529212087,0.006033520078199903,0.009421317845913449,0.03299872983372941,0.005231133845078072,0.037079503213346104,0.0006733458888222472,0.04163729116960192
calhousing,ref_22,0.007442626706941824,0.00618854881158925,-0.004564593600893491,0.01959277908447455,-0.008890723132829804,0.02377597654671345,-0.01356562151297708,0.028450874926860728
calhousing,ref_23,-0.004312976237209209,0.006124660835408526,-0.016297553533415877,0.007719672355678732,-0.020477707439997543,0.011851754965579123,-0.025104344134659066,0.016478391660240645
car,ref_00,0.30037579402504855,0.015895623647457446,0.2690464599895899,0.33155497518775773,0.2603655605058989,0.3403860275441982,0.24641496776949195,0.35433662028060514
car,ref_01,0.3017539846827856,0.01556087997920881,0.2708002301612166,0.3326436413468662,0.26258632095722984,0.3409216484083413,0.2489295117608965,0.35457845760467466
car,ref_02,0.2752512754052502,0.014304817203855033,0.24636077888483493,0.30374383497812224,0.2392451966587559,0.31125735415174444,0.22669075504603886,0.3238117957644615
car,ref_03,0.2842024363013965,0.016534613892119257,0.2513978909705333,0.3165722023189978,0.24258382619555868,0.32582104640723436,0.2280724317653321,0.34033244083746095
car,ref_04,0.327038121519747,0.016615451882315772,0.29375179635180765,0.3591153960903605,0.28521603736742224,0.36886020567207173,0.27063369649911473,0.38344254654037924
car,ref_05,0.3345573010753304,0.015339950526649618,0.30428922552085425,0.36450411760115,0.29594572996898844,0.37316887218167233,0.28248281670807024,0.3866317854425905
car,ref_06,0.28893622329389645,0.01555860466400992,0.2582758649521346,0.3196819535435228,0.24977428667250826,0.3280981599152846,0.23611947437773667,0.34175297221005624
car,ref_07,0.30735407311113183,0.015984953168408145,0.2754090407140803,0.33882185582223606,0.2671189918557335,0.34758915436653015,0.2530900001968458,0.36161814602541786
car,ref_08,0.2776161329820223,0.015501271582384566,0.24613613875180762,0.30754638511671617,0.23859850714925612,0.3166337588147885,0.22499401250730633,0.3302382534567383
car,ref_09,0.3263965101945787,0.01652140995216543,0.29307033171600677,0.3589984356616958,0.28481113519373846,0.36798188519541897,0.27031132903415145,0.382481691355006
car,ref_10,0.31703524408682465,0.015049192141005736,0.2870602947219463,0.34715446886233237,0.2791555291923101,0.3549149589813392,0.2659477963453709,0.3681226918282784
car,ref_11,0.2714295646480901,0.016144056924773446,0.2392988684234539,0.3033437134082771,0.23079400974112999,0.31206511955505023,0.21662538268591475,0.32623374661026544
car,ref_12,0.31487140776205685,0.015992964294374957,0.28325072237847726,0.3460899022714209,0.2746161620244217,0.355126653499692,0.26058013950231007,0.36916267602180364
car,ref_13,0.2966292004750442,0.014667655744766184,0.2667677422004065,0.3254763615098851,0.25970983546350146,0.33354856548658696,0.2468369532016103,0.3464214477484781
car,ref_14,0.30200241575191017,0.015820123895562983,0.27079675090726935,0.3332383872070298,0.2621822196148055,0.34182261188901486,0.24829788827925578,0.35570694322456453
car,ref_15,0.27639666860615036,0.016026772004706227,0.24434022073737138,0.30770774387391225,0.23605632684365313,0.3167370103686476,0.22199063341282838,0.33080270379947235
car,ref_16,0.304574022490138,0.016195907592370322,0.2719723299489088,0.3369086576150144,0.263807956357907,0.345340088622369,0.24959382322109358,0.3595542217591824
car,ref_17,0.29167225848310163,0.01658593329538014,0.2589561351346498,0.32434935003896914,0.24992447437603738,0.3334200425901659,0.23536804012162732,0.34797647684457594
car,ref_18,0.3452788898007413,0.015674287975715843,0.313954602310778,0.37619016323740606,0.30582577137873446,0.3847320082227481,0.29206943109086236,0.3984883485106202
car,ref_19,0.31952784629822933,0.016976462919496362,0.2851162258863328,0.3523529264688129,0.27679707581682833,0.36225861677963034,0.261897898184846,0.3771577944116127
car,ref_20,0.3281498702333467,0.015844596403408216,0.29687977291321355,0.35839521403726854,0.28826807533324894,0.36803166513344443,0.2743622660111943,0.3819374744554991
car,ref_21,0.28856155442657727,0.016049679953995616,0.25721915042314386,0.32017693001394404,0.24816355198835938,0.32895955686479517,0.23407775368602723,0.3430453551671273
car,ref_22,0.27007531933181095,0.015540336722349299,0.23963152359226486,0.30092764945406436,0.23095936420998303,0.30919127445363886,0.21732058454280076,0.3228300541208211
car,ref_23,0.29334157496642194,0.01620443281719012,0.2614940158832465,0.32502280507735976,0.2525540503344549,0.334129099598389,0.23833243514207167,0.34835071479077223
creditg,ref_00,-0.0034793299901669126,0.02219958602004201,-0.04712090536937509,0.039802661934540136,-0.06113519363214715,0.05417653365181333,-0.07884019853742764,0.07188153855709382
creditg,ref_01,-0.011128533130548079,0.023593840574993096,-0.05922075111696245,0.03391017613036085,-0.07240549810432323,0.050148431843227065,-0.09122247346312175,0.06896540720202558
creditg,ref_02,0.0008419176542040941,0.02460568908678449,-0.049133760710678334,0.04794009211109068,-0.06306297919945009,0.06474681450785827,-0.0826869418078529,0.08437077711626108
creditg,ref_03,0.0033855380651467205,0.021854770828662193,-0.03997821027538214,0.04570314171223756,-0.05337478555919852,0.060145861689491965,-0.07080478737886818,0.07757586350916161
creditg,ref_04,0.02817591052590356,0.02222198536639096,-0.0149612993320984,0.07128651310615028,-0.029538127789135834,0.08588994884094295,-0.04726099701569805,0.10361281806750516
creditg,ref_05,-0.029476344751474114,0.0226915454112901,-0.07502307556119509,0.013635500212785477,-0.08840990535382037,0.02945721585087214,-0.10650726637904753,0.04755457687609931
creditg,ref_06,0.027990410863231497,0.021371822447529908,-0.014306214399583714,0.0688985984846618,-0.027515618830427854,0.08349644055689084,-0.04456045114967418,0.10054127287613716
creditg,ref_07,0.04535087940384377,0.022264247008150783,0.0007375049127338775,0.08807830605021448,-0.01247291913160653,0.10317467793929407,-0.03022949360717598,0.12093125241486352
creditg,ref_08,0.010529153555337567,0.022667896136730193,-0.03473164103882682,0.053902009848640894,-0.048342986111139574,0.06940129322181471,-0.0664214859503198,0.08747979306099493
creditg,ref_09,0.01463691491600826,0.020639708420664524,-0.02679408634089636,0.054716597519221706,-0.03896769794648931,0.06824152777850583,-0.055428641790285046,0.08470247162230156
creditg,ref_10,0.001597942505741845,0.021253177318208635,-0.04059317940200974,0.04264163874302252,-0.05359994687432082,0.056795831885804504,-0.07055015524000673,0.07374604025149041
creditg,ref_11,0.02300735079573817,0.019988719644200847,-0.016697472955613045,0.061183056898464996,-0.028906540442745158,0.0749212420342215,-0.04484829624987363,0.09086299784134996
creditg,ref_12,0.0015464593022885055,0.021937575634339544,-0.041530306566824084,0.04370662037611152,-0.05542892160198636,0.058521840206563376,-0.0729249633689494,0.0760178819735264
creditg,ref_13,-0.02031239704531549,0.020880216892479042,-0.06234197433880618,0.020152138450404075,-0.07454164874761665,0.033916854656985664,-0.0911944071445934,0.05056961305396241
creditg,ref_14,-0.016682219192322913,0.02411840975447412,-0.06475020057509777,0.029656419941399007,-0.07932157394470196,0.04595713556005613,-0.09855691295620489,0.06519247457155908
creditg,ref_15,-0.0224429457185261,0.023833779254525768,-0.06975851949214358,0.023488969893812446,-0.08434306969072054,0.039457178253668346,-0.10335140517192212,0.05846551373486993
creditg,ref_16,0.028226324601553943,0.021853734053459827,-0.01575267820086886,0.06981263196811459,-0.02853130635232253,0.08498395555543042,-0.04596048130476921,0.10241313050787709
creditg,ref_17,-0.004292407453916347,0.02126250730073951,-0.04678605178929166,0.0365679795278428,-0.05951452828586719,0.050929713378034494,-0.07647217766357585,0.06788736275574316
creditg,ref_18,0.007857960336058433,0.02183411152581511,-0.034845004201360906,0.05015364515242389,-0.048848707785575436,0.0645646284576923,-0.06626223303410916,0.08197815370622602
creditg,ref_19,-0.04024367724855944,0.021965357908730214,-0.08436256588162816,0.0018285255102206926,-0.09729121314808903,0.016803858650970137,-0.11480941232392997,0.03432205782681108
creditg,ref_20,-0.015983230902330538,0.02478980106032937,-0.06519911006753618,0.03174772047372554,-0.08036629589984001,0.04839983409517893,-0.10013709473265664,0.06817063292799558
creditg,ref_21,0.00475882182297428,0.023637588758557787,-0.04259474760268409,0.04978418685272671,-0.05663176415724274,0.0661494078031913,-0.07548363033805527,0.08500127398400384
creditg,ref_22,0.011059211177818828,0.02082782871816221,-0.03008779371000088,0.05206298737801245,-0.043033980084790494,0.06515240244042815,-0.05964495694212857,0.08176337929776623
creditg,ref_23,0.01771684970876323,0.023702282723820186,-0.03072695012726039,0.06437285315352252,-0.04384175681184857,0.07927545622937503,-0.06274521886347054,0.09817891828099698
diabetes,ref_00,0.16404511050886164,0.03136602094478591,0.10027408768626833,0.22455312622148169,0.0772764678063916,0.2508137532113317,0.057566972622118975,0.2705232483956043
diabetes,ref_01,0.1596999143262733,0.03426969689451619,0.09248178424878813,0.22598576555093292,0.0648987570294462,0.2545010716231004,0.043364676340731045,0.2760351523118156
diabetes,ref_02,0.15762333276290802,0.024562737106452116,0.10952152839324993,0.20668091394958557,0.08967479177531627,0.22557187375049975,0.07424028226056544,0.2410063832652506
diabetes,ref_03,0.09839280198418024,0.02600078577287858,0.04690203801080864,0.1493724887251011,0.026466149423381005,0.1703194545449795,0.010128011956727204,0.1866575920116333
diabetes,ref_04,0.17264610544344017,0.028879225987656833,0.11588554594598123,0.2290042221147005,0.09275674856078357,0.25253546232609675,0.07460988299147193,0.2706823278954084
diabetes,ref_05,0.14295186646898267,0.03831719210355986,0.06743215030068099,0.21676444178897664,0.03695401749578116,0.2489497154421842,0.012876608551580876,0.27302712438638443
diabetes,ref_06,0.1828761991533392,0.03366307611311513,0.11740629988965608,0.24879477544802056,0.08975315276289506,0.2759992455437833,0.0686002549277765,0.2971521433789019
diabetes,ref_07,0.15081163326209485,0.03114318162032821,0.08797438003704816,0.211263392817585,0.06465943680117921,0.2369638297230105,0.04508996736642697,0.25653329915776274
diabetes,ref_08,0.1422620886665065,0.04047293067959812,0.06188478906548601,0.21998867937359992,0.030300763784344056,0.25422341354866895,0.0048687514252646336,0.2796554259077484
diabetes,ref_09,0.17082824833434085,0.030533897189410235,0.11043238654463582,0.2295035738047175,0.08636153130301437,0.2552949653656673,0.0671749184817347,0.274481578186947
diabetes,ref_10,0.10083060864972668,0.03152793916731424,0.03840923166923061,0.16241521713583879,0.013614047340611862,0.1880471699588415,-0.006197192544806815,0.20785840984426018
diabetes,ref_11,0.10764457126077207,0.0312979639570934,0.04557501489366375,0.16779163622923374,0.0210641963803153,0.19422494614122882,0.0013974662274613137,0.21389167629408282
diabetes,ref_12,0.1562946727737592,0.03760497767630776,0.08196550761532068,0.22843981169184624,0.05226704116649536,0.260322304381023,0.028637167051427687,0.28395217849609067
diabetes,ref_13,0.2174429025922274,0.0349234421337165,0.1477835094824928,0.28473290378600385,0.12083327277099352,0.31405253241346126,0.09888839759016088,0.3359974075942939
diabetes,ref_14,0.17071517150932453,0.030252514554660298,0.11133767811596604,0.22971190859285803,0.08702685060737242,0.25440349241127663,0.06801705044888808,0.273413292569761
diabetes,ref_15,0.10911291511223804,0.03280689645273589,0.04398100114085156,0.17195755489843725,0.018358340871045514,0.19986748935343057,-0.0022565585701160296,0.22048238879459212
diabetes,ref_16,0.08769790566881558,0.027160628382839357,0.033633710546792844,0.1409557503935296,0.012562750212735438,0.1628330611248957,-0.004504198612419227,0.1799000099500504
diabetes,ref_17,0.16466386943543318,0.027509280940092543,0.10997651279170263,0.21874872187348954,0.08856422730694861,0.24076351156391773,0.07127819535645069,0.25804954351441567
diabetes,ref_18,0.19789140494025276,0.0390656912974359,0.12019432753570583,0.2743735666748386,0.08982296310381103,0.30595984677669447,0.06527521903858596,0.33050759084191955
diabetes,ref_19,0.20076235668192224,0.03229973263750322,0.13632864302771025,0.2630643734709442,0.11141076294479205,0.2901139504190524,0.09111455049269938,0.3104101628711451
diabetes,ref_20,0.21384413794745302,0.03136223554969028,0.15048551284817047,0.27659298053788295,0.1270859668822722,0.30060230901263385,0.1073788503301678,0.32030942556473824
diabetes,ref_21,0.17844959257160636,0.03404487632957696,0.1097617416321477,0.2442163616125311,0.08427036227360767,0.27262882286960505,0.06287755228830101,0.29402163285491173
diabetes,ref_22,0.15542663903096438,0.024852005135491653,0.10654896128852615,0.20425486656479258,0.08667788834188828,0.22417538972004047,0.07106161121194152,0.23979166684998723
diabetes,ref_23,0.1831218138474823,0.024995674253105366,0.13390028545846805,0.23287898120134815,0.11397562752716858,0.25226800016779605,0.09826907290277263,0.26797455479219195
heart,ref_00,-0.020782058812377623,0.015038108420137504,-0.04981837244234938,0.00876689971747361,-0.059382511394325425,0.01781839376957018,-0.07183188067960958,0.030267763054854326
heart,ref_01,0.02000668648078636,0.015202316723870369,-0.009663694442653194,0.04988395998831656,-0.019015262918760826,0.05902863588033355,-0.03160057282608113,0.07161394578765384
heart,ref_02,0.017125930130227885,0.016580135536857204,-0.015982158018527474,0.04942034717972802,-0.025432662859812025,0.0596845231202678,-0.03915860659765555,0.07341046685811131
heart,ref_03,0.020672993270636996,0.01563207565339804,-0.009570765620990185,0.05187909371902262,-0.019452079521656004,0.06079806606292999,-0.03239316739438676,0.07373915393566076
heart,ref_04,0.14251812173207615,0.0180883983398076,0.10774013595165088,0.1784804020208274,0.0960880560022573,0.188948187461895,0.08111348975893676,0.20392275370521554
heart,ref_05,0.0197184157345055,0.017974670779711467,-0.015031238202132865,0.05467425115358387,-0.02641972928506811,0.06585656075407911,-0.04130014562907983,0.08073697709809083
heart,ref_06,0.08427818399404356,0.018383088479429325,0.048363624956674456,0.12056451674882336,0.03709169515281773,0.13146467283526939,0.021873168281578717,0.1466831997065084
heart,ref_07,0.0455002148769937,0.016264059856926645,0.014262923174275901,0.07705219885529106,0.003752938307516933,0.08724749144647045,-0.00971134068156846,0.10071177043555585
heart,ref_08,-0.018840840756730915,0.015420540365871553,-0.048747988062795,0.011628765102649192,-0.05842293582819298,0.020741254314731148,-0.07118890321118451,0.033507221697722675
heart,ref_09,0.08369592497535486,0.017113707858624226,0.05012718159687066,0.11738498100405755,0.03976773598760107,0.12762411396310863,0.02560007187585806,0.14179177807485166
heart,ref_10,0.0017902962885267826,0.018125771886508813,-0.03361201644226318,0.03790388900276158,-0.04473570144131193,0.04831629401836549,-0.059741207552293035,0.0633218001293466
heart,ref_11,0.07696965078012587,0.017118675118771257,0.04347187827825601,0.11129715900254589,0.033028711618985185,0.12091058994126655,0.01885693533740148,0.13508236622285025
heart,ref_12,-0.01468608755083447,0.015272285452851763,-0.04456838368679901,0.015194146756417741,-0.05388763564257148,0.02451546054090254,-0.0665308694935937,0.037158694391924756
heart,ref_13,0.045861463412554225,0.01759692741313986,0.011322263294233359,0.08060704728787767,0.0006929260392432995,0.09103000078586515,-0.01387477366952864,0.1055977004946371
heart,ref_14,0.06088712032781117,0.017281069803998617,0.027729014735754877,0.09499559623247023,0.016529339621740212,0.10524490103388212,0.002223124130790552,0.11955111652483179
heart,ref_15,0.12153767553831654,0.017171457872438237,0.0882965730007339,0.1556150808996057,0.07746125137313514,0.16561409970349794,0.06324577863891685,0.17982957243771625
heart,ref_16,0.08021690149072637,0.017977118879575493,0.04538888519766915,0.11612784062896127,0.03407247258490343,0.12636133039654932,0.01919002956982358,0.14124377341162916
heart,ref_17,0.05762895649092377,0.01719614568192831,0.02471733811740885,0.09097414648823203,0.01348916261241477,0.10176875036943277,-0.0007467480418264436,0.11600466102367399
heart,ref_18,0.039606050275091856,0.017909947230825382,0.005173151236808877,0.07478116892309432,-0.006365959602353963,0.08557806015253767,-0.02119279424985005,0.10040489480003376
heart,ref_19,0.060307535350694996,0.01708701930362454,0.027695414423309427,0.09415765251409722,0.016447851674444784,0.1041672190269452,0.00230228180937158,0.1183127888920184
heart,ref_20,-0.007747289521985867,0.01621543957528682,-0.039943167334983265,0.024399730559253714,-0.04936976549663211,0.033875186452660376,-0.0627937939552666,0.047299214911294865
heart,ref_21,0.04840521712849279,0.017256792998728235,0.013768647126103071,0.0831469083732994,0.004109751152738962,0.09270068310424662,-0.01017636666997783,0.10698680092696342
heart,ref_22,0.07349258155163828,0.019454856446869256,0.03655768455998693,0.11206869495459051,0.023555033371684964,0.12343012973159159,0.007449238312052603,0.13953592479122395
heart,ref_23,0.09385696166302619,0.017744048389429206,0.05909859769425998,0.12941055497898016,0.04831078794673864,0.13940313537931376,0.033621293440890695,0.1540926298851617
income,ref_00,0.0738164159037592,0.0028419897387943916,0.06821081062862848,0.07932030587552334,0.06668853513576611,0.08094429667175229,0.06416872180150933,0.08346411000600908
income,ref_01,0.0845562647387208,0.0029891785366731112,0.078588117233633,0.09045366041024255,0.07705922563516356,0.09205330384227804,0.07440890926267084,0.09470362021477076
income,ref_02,0.09428132817154045,0.0028936900015575145,0.08865443471558464,0.09997768132498396,0.08702378004281798,0.10153887630026291,0.08445812734126272,0.10410452900181817
income,ref_03,0.07785692120117962,0.0030024210062397096,0.07194862377944315,0.08367003666818819,0.07032666918947707,0.08538717321288218,0.06766461155313075,0.0880492308492285
income,ref_04,0.0791463408952823,0.0028816844881659662,0.07352535558797638,0.0847301332504625,0.07191890331440784,0.08637377847615677,0.06936389514555995,0.08892878664500466
income,ref_05,0.0867292305450654,0.003008528379954909,0.08076825211930155,0.09266920666890023,0.0791836608736777,0.0942748002164531,0.07651618821365457,0.09694227287647623
income,ref_06,0.09195825019247979,0.003055016308589057,0.08591464553107436,0.09773983656360535,0.08429608600706835,0.09962041437789122,0.08158739542818531,0.10232910495677426
income,ref_07,0.09932346067560316,0.0029412766411215344,0.0935479323720651,0.10505124714238992,0.09194656239992847,0.10670035895127784,0.08933871762172034,0.10930820372948598
income,ref_08,0.08571953313709228,0.0030608258999373092,0.0797919463765017,0.09164627036186289,0.07804279814803725,0.09339626812614732,0.07532895657035006,0.0961101097038345
income,ref_09,0.07625927643750444,0.00266506550553201,0.07096862201486503,0.0814440298239149,0.06957513226097344,0.08294342061403544,0.06721218650299328,0.0853063663720156
income,ref_10,0.09094353538496654,0.0028312755500195263,0.08539399132134469,0.09645919209051564,0.08384252644521073,0.09804454432472234,0.08133221270744162,0.10055485806249145
income,ref_11,0.08139808873372363,0.002844012383463776,0.07573583856887176,0.08687791595804951,0.07426513505155263,0.08853104241589463,0.07174352836563845,0.09105264910180881
income,ref_12,0.05525282448385869,0.002740226155943376,0.04995727362940312,0.0605610953351873,0.0483801728868877,0.062125476080829675,0.04595058691324008,0.0645550620544773
income,ref_13,0.09556553581639757,0.0032161219477819165,0.08916608820749593,0.10183427910813085,0.0874993090224754,0.10363176261031974,0.08464777621854114,0.106483295414254
income,ref_14,0.09587837134883057,0.002869767115291032,0.09026240091135561,0.1016061398761278,0.08868082325410051,0.10307591944356062,0.08613638146931435,0.10562036122834678
income,ref_15,0.07730236761014879,0.002815323836622746,0.07180247356906198,0.08279861446987287,0.0702413665246035,0.08436336869569408,0.0677451961665844,0.08685953905371317
income,ref_16,0.10626247372983241,0.0027616176200096656,0.10097568616625317,0.11170121894094595,0.09933617105761793,0.1131887764020469,0.09688761861985619,0.11563732883980864
income,ref_17,0.07980598112550912,0.00286127004317072,0.07422406566829332,0.0853780533839735,0.07262974419743243,0.0869822180535858,0.07009283623141367,0.08951912601960456
income,ref_18,0.07809588610974397,0.0028912033298020613,0.07255184532567348,0.08370970288952706,0.07084457470297023,0.0853471975165177,0.06828112677666864,0.08791064544281929
income,ref_19,0.08241848228486726,0.0026414533268448426,0.07718865913593259,0.08750780350736315,0.07579355886907907,0.08904340570065544,0.07345154854302345,0.09138541602671106
income,ref_20,0.07764826244680414,0.0029114640937128226,0.07196707047441228,0.08324676587644732,0.07034613582861249,0.0849503890649958,0.06776472395882173,0.08753180093478656
income,ref_21,0.09057921359559525,0.0030901660424069058,0.0845758268625407,0.09645659560464105,0.08282889176898606,0.09832953542220443,0.08008903613459252,0.10106939105659797
income,ref_22,0.09645227034748642,0.0030233277452204185,0.09049853676665513,0.10228327420990364,0.08886958298013573,0.10403495771483712,0.08618898865488435,0.1067155520400885
income,ref_23,0.07189122235189618,0.00275869168714684,0.06651966054351446,0.07719161226137129,0.06497225809484086,0.0788101866089515,0.06252629989749536,0.081256144806297
jungle,ref_00,0.024512071694031867,0.0036538932574115067,0.01729393071473112,0.03165179311790636,0.01448892989237606,0.034535213495687674,0.012108211135149706,0.03691593225291403
jungle,ref_01,0.04649861182926378,0.004236974996286482,0.03795679115820972,0.05455500283075811,0.03487599501863079,0.058121228639896765,0.03211536542796121,0.06088185823056635
jungle,ref_02,0.05639455253147101,0.004066169391432182,0.048296126279828704,0.06429628981584265,0.04524047945689261,0.0675486256060494,0.04259113940827278,0.07019796565466924
jungle,ref_03,0.036823116475177976,0.004060874483438303,0.02869687781450222,0.044776215598449444,0.025683568076037673,0.04796266487431828,0.023037677960377232,0.050608554989978724
jungle,ref_04,0.04452115450229035,0.004009118642348359,0.03658239622872158,0.05255935041869231,0.03352357963597185,0.05551872936860885,0.030911411387098,0.0581308976174827
jungle,ref_05,0.020384988213446233,0.0034358433615606205,0.0137250179530883,0.02702414428945846,0.01095998786584538,0.029809988561047086,0.008721340986611217,0.03204863544028125
jungle,ref_06,0.02997257688309123,0.0034159336007989808,0.023171620504655186,0.036571898914769294,0.02060219180235571,0.03934296196382675,0.018376517261818354,0.041568636504364105
jungle,ref_07,0.00614829851339882,0.0037901355266171536,-0.0014117669098815454,0.013589556354757096,-0.004248574945813663,0.0165451719726113,-0.006718063270997988,0.019014660297795628
jungle,ref_08,0.011128840298705155,0.003460929892162545,0.004256119890570956,0.018037497299534765,0.0016350240783295205,0.02062265651908079,-0.0006199680988513163,0.022877648696261625
jungle,ref_09,0.059068035805220485,0.003780575524482386,0.051478935851945455,0.0663788754723252,0.048697386773015154,0.06943868483742582,0.0462341273315989,0.07190194427884207
jungle,ref_10,0.029415660579632054,0.0033365358160882654,0.022911342388891663,0.035858537077627796,0.020263074760897032,0.038568246398367076,0.018089132381653557,0.04074218877761055
jungle,ref_11,0.023238340985188066,0.00398445203704336,0.015445913451925534,0.031118806646160405,0.012308430077644495,0.034168251892731635,0.009712333521562325,0.03676434844881381
jungle,ref_12,0.0032562057260879353,0.003472617236294077,-0.0035917016844881464,0.010028035715230987,-0.006269670518832063,0.012782081971007934,-0.008532277663784511,0.015044689115960384
jungle,ref_13,0.001897693737387307,0.0038104029911568537,-0.005622689650834117,0.009421327052891138,-0.008554776220335195,0.012350163695109807,-0.011037469948521705,0.014832857423296318
jungle,ref_14,0.08275662602067076,0.0039472720948988465,0.07487259328422005,0.09040826330445208,0.07192870491032116,0.09358454713102035,0.0693568331959134,0.09615641884542811
jungle,ref_15,0.03265718004915694,0.003855749409581815,0.024962997032868858,0.04004261175211212,0.02208031850414637,0.04323404159416752,0.019568079011671763,0.045746281086642124
jungle,ref_16,-0.019571230476507395,0.003385735828255152,-0.026220320816198378,-0.013027528420417269,-0.028858778830776703,-0.010283682122238087,-0.031064777809260972,-0.008077683143753817
jungle,ref_17,0.014721530072188859,0.0037491008048664513,0.007469681910152093,0.021896839143662302,0.0044372206114085995,0.02500583953296912,0.0019944687355092396,0.02744859140886848
jungle,ref_18,-0.0009331711293080414,0.0036755778504550408,-0.008231693226814376,0.006255425562990147,-0.011015796811765696,0.009149454553149612,-0.013410644311613868,0.011544302052997784
jungle,ref_19,0.024344896984530927,0.0036291592373344063,0.01712052388970442,0.03145130835637484,0.01438960406982739,0.03430018989923446,0.012025000929941453,0.0366647930391204
jungle,ref_20,0.08100017615360164,0.003911633655357793,0.07323836502965814,0.08874471622212898,0.07027001628255074,0.09173033602465254,0.06772136503341564,0.09427898727378764
jungle,ref_21,0.030974732383049753,0.0037918157338186205,0.023553616482733773,0.03832734360589169,0.020573249879771105,0.0413762148863284,0.018102666804270133,0.04384679796182937
jungle,ref_22,0.057742924494025474,0.003901658454527305,0.04989011346467928,0.06533029701435603,0.04704012799825139,0.06844572098979956,0.044497976158390504,0.07098787282966044
jungle,ref_23,0.027104504559261677,0.003664508371350469,0.01987415859915522,0.03417096932757583,0.017052244010900518,0.037156765107622836,0.014664608904704933,0.03954440021381842
