panel,direction,endpoint,role,arm,n_finite,mean_raw_auroc,mean_folded_auroc
focused_3_endpoint,nh2kn,current_smoking_status,intended,pipeline_table,10,0.6453419350678229,0.6453419350678229
focused_3_endpoint,nh2kn,current_smoking_status,reference,raw,10,0.4439287610901693,0.5560712389098307
focused_3_endpoint,nh2kn,current_smoking_status,wrong,placebo_table,10,0.501356157195761,0.5741164248856756
focused_3_endpoint,nh2kn,diabetes_history,intended,pipeline_table,10,0.9545293145664138,0.9545293145664138
focused_3_endpoint,nh2kn,diabetes_history,reference,raw,10,0.3983958528161413,0.6016041471838587
focused_3_endpoint,nh2kn,diabetes_history,wrong,placebo_table,10,0.5957372310882109,0.7414243565217775
focused_3_endpoint,nh2kn,hypertension_history,intended,pipeline_table,10,0.9038967458879718,0.9038967458879718
focused_3_endpoint,nh2kn,hypertension_history,reference,raw,10,0.5079996174050134,0.5189011352225595
focused_3_endpoint,nh2kn,hypertension_history,wrong,placebo_table,10,0.5320760018655023,0.6992794023262113
extension_10_endpoint_bidirectional,nh2kn,angina_history,intended,pipeline_table,10,0.7487093056438021,0.7487093056438021
extension_10_endpoint_bidirectional,nh2kn,angina_history,reference,raw,10,0.7448782145171386,0.7448782145171386
extension_10_endpoint_bidirectional,nh2kn,angina_history,wrong,placebo_table,10,0.3974568047411911,0.6242474825429509
extension_10_endpoint_bidirectional,nh2kn,arthritis_history,intended,pipeline_table,10,0.8458688101688248,0.8458688101688248
extension_10_endpoint_bidirectional,nh2kn,arthritis_history,reference,raw,10,0.5563757021326056,0.5564814411236804
extension_10_endpoint_bidirectional,nh2kn,arthritis_history,wrong,placebo_table,10,0.3928771608808481,0.6757682177287225
extension_10_endpoint_bidirectional,nh2kn,asthma_history,intended,pipeline_table,10,0.6049552589254097,0.6049552589254097
extension_10_endpoint_bidirectional,nh2kn,asthma_history,reference,raw,10,0.6623689194990371,0.6623689194990371
extension_10_endpoint_bidirectional,nh2kn,asthma_history,wrong,placebo_table,10,0.5828115208184642,0.6070041229621759
extension_10_endpoint_bidirectional,nh2kn,cancer_history,intended,pipeline_table,10,0.7607133544053734,0.7607133544053734
extension_10_endpoint_bidirectional,nh2kn,cancer_history,reference,raw,10,0.6566809561438166,0.6566809561438166
extension_10_endpoint_bidirectional,nh2kn,cancer_history,wrong,placebo_table,9,0.47794931735370294,0.6116738004302208
extension_10_endpoint_bidirectional,nh2kn,current_smoking_status,intended,pipeline_table,10,0.6453419350678229,0.6453419350678229
extension_10_endpoint_bidirectional,nh2kn,current_smoking_status,reference,raw,10,0.4439287610901693,0.5560712389098307
extension_10_endpoint_bidirectional,nh2kn,current_smoking_status,wrong,placebo_table,10,0.501356157195761,0.5741164248856756
extension_10_endpoint_bidirectional,nh2kn,diabetes_history,intended,pipeline_table,10,0.9545293145664138,0.9545293145664138
extension_10_endpoint_bidirectional,nh2kn,diabetes_history,reference,raw,10,0.3983958528161413,0.6016041471838587
extension_10_endpoint_bidirectional,nh2kn,diabetes_history,wrong,placebo_table,10,0.5957372310882109,0.7414243565217775
extension_10_endpoint_bidirectional,nh2kn,heart_attack_history,intended,pipeline_table,10,0.8160615528970208,0.8160615528970208
extension_10_endpoint_bidirectional,nh2kn,heart_attack_history,reference,raw,10,0.728906310110251,0.728906310110251
extension_10_endpoint_bidirectional,nh2kn,heart_attack_history,wrong,placebo_table,10,0.46844691531785126,0.6857992024395966
extension_10_endpoint_bidirectional,nh2kn,hypertension_history,intended,pipeline_table,10,0.9038967458879718,0.9038967458879718
extension_10_endpoint_bidirectional,nh2kn,hypertension_history,reference,raw,10,0.5079996174050134,0.5189011352225595
extension_10_endpoint_bidirectional,nh2kn,hypertension_history,wrong,placebo_table,10,0.5320760018655023,0.6992794023262113
extension_10_endpoint_bidirectional,nh2kn,kidney_disease_history,intended,pipeline_table,10,0.8428580771135215,0.8428580771135215
extension_10_endpoint_bidirectional,nh2kn,kidney_disease_history,reference,raw,10,0.6044209011837028,0.6044209011837028
extension_10_endpoint_bidirectional,nh2kn,kidney_disease_history,wrong,placebo_table,10,0.6124270112204191,0.6889463456561751
extension_10_endpoint_bidirectional,nh2kn,stroke_history,intended,pipeline_table,10,0.8434330794431197,0.8434330794431197
extension_10_endpoint_bidirectional,nh2kn,stroke_history,reference,raw,10,0.6818915643619095,0.6818915643619095
extension_10_endpoint_bidirectional,nh2kn,stroke_history,wrong,placebo_table,10,0.536828396213531,0.6421591034368146
extension_10_endpoint_bidirectional,kn2nh,angina_history,intended,pipeline_table,10,0.682826707693607,0.682826707693607
extension_10_endpoint_bidirectional,kn2nh,angina_history,reference,raw,10,0.593855418874357,0.593855418874357
extension_10_endpoint_bidirectional,kn2nh,angina_history,wrong,placebo_table,9,0.4725724714000232,0.5765982491674638
extension_10_endpoint_bidirectional,kn2nh,arthritis_history,intended,pipeline_table,10,0.7362198731891774,0.7362198731891774
extension_10_endpoint_bidirectional,kn2nh,arthritis_history,reference,raw,10,0.4859852992206313,0.5157792170870483
extension_10_endpoint_bidirectional,kn2nh,arthritis_history,wrong,placebo_table,10,0.5531128223649814,0.5654400980995145
extension_10_endpoint_bidirectional,kn2nh,asthma_history,intended,pipeline_table,10,0.5319946796177459,0.5319946796177459
extension_10_endpoint_bidirectional,kn2nh,asthma_history,reference,raw,10,0.512045158402346,0.512045158402346
extension_10_endpoint_bidirectional,kn2nh,asthma_history,wrong,placebo_table,10,0.5102317162044254,0.521460529655438
extension_10_endpoint_bidirectional,kn2nh,cancer_history,intended,pipeline_table,10,0.6580809733071444,0.6580809733071444
extension_10_endpoint_bidirectional,kn2nh,cancer_history,reference,raw,10,0.5020753476359212,0.5175014832195612
extension_10_endpoint_bidirectional,kn2nh,cancer_history,wrong,placebo_table,4,0.483081853052536,0.576089565095528
extension_10_endpoint_bidirectional,kn2nh,current_smoking_status,intended,pipeline_table,10,0.6745511676529324,0.6745511676529324
extension_10_endpoint_bidirectional,kn2nh,current_smoking_status,reference,raw,10,0.4069741477744177,0.5930258522255822
extension_10_endpoint_bidirectional,kn2nh,current_smoking_status,wrong,placebo_table,10,0.43736269005475864,0.5935131643706612
extension_10_endpoint_bidirectional,kn2nh,diabetes_history,intended,pipeline_table,10,0.9014537236962743,0.9014537236962743
extension_10_endpoint_bidirectional,kn2nh,diabetes_history,reference,raw,10,0.4241716130706119,0.5758283869293881
extension_10_endpoint_bidirectional,kn2nh,diabetes_history,wrong,placebo_table,10,0.4447720107259371,0.6633836197657261
extension_10_endpoint_bidirectional,kn2nh,heart_attack_history,intended,pipeline_table,10,0.7122757340402163,0.7122757340402163
extension_10_endpoint_bidirectional,kn2nh,heart_attack_history,reference,raw,10,0.5785270982678308,0.5785270982678308
extension_10_endpoint_bidirectional,kn2nh,heart_attack_history,wrong,placebo_table,8,0.5085133167386833,0.5593788732538688
extension_10_endpoint_bidirectional,kn2nh,hypertension_history,intended,pipeline_table,10,0.7910893374800583,0.7910893374800583
extension_10_endpoint_bidirectional,kn2nh,hypertension_history,reference,raw,10,0.44077705305281134,0.5592229469471887
extension_10_endpoint_bidirectional,kn2nh,hypertension_history,wrong,placebo_table,8,0.5821317995921493,0.6136075215975624
extension_10_endpoint_bidirectional,kn2nh,kidney_disease_history,intended,pipeline_table,10,0.7117711818790108,0.7117711818790108
extension_10_endpoint_bidirectional,kn2nh,kidney_disease_history,reference,raw,10,0.6005069693497255,0.6005069693497255
extension_10_endpoint_bidirectional,kn2nh,kidney_disease_history,wrong,placebo_table,9,0.5301535059931364,0.5853621399607344
extension_10_endpoint_bidirectional,kn2nh,stroke_history,intended,pipeline_table,10,0.6936309799674834,0.6936309799674834
extension_10_endpoint_bidirectional,kn2nh,stroke_history,reference,raw,10,0.5825516244039031,0.5825516244039031
extension_10_endpoint_bidirectional,kn2nh,stroke_history,wrong,placebo_table,10,0.4693843860819107,0.6022679373716211
