panel,direction,endpoint,scale,estimand,n_finite_pairs,mean_contrast
focused_3_endpoint,nh2kn,current_smoking_status,raw,intended_minus_wrong_content,10,0.14398577787206185
focused_3_endpoint,nh2kn,current_smoking_status,folded_cellwise,intended_minus_wrong_content,10,0.07122551018214716
focused_3_endpoint,nh2kn,current_smoking_status,raw,intended_minus_reference_utility,10,0.20141317397765354
focused_3_endpoint,nh2kn,current_smoking_status,folded_cellwise,intended_minus_reference_utility,10,0.08927069615799221
focused_3_endpoint,nh2kn,diabetes_history,raw,intended_minus_wrong_content,10,0.3587920834782029
focused_3_endpoint,nh2kn,diabetes_history,folded_cellwise,intended_minus_wrong_content,10,0.2131049580446363
focused_3_endpoint,nh2kn,diabetes_history,raw,intended_minus_reference_utility,10,0.5561334617502725
focused_3_endpoint,nh2kn,diabetes_history,folded_cellwise,intended_minus_reference_utility,10,0.35292516738255514
focused_3_endpoint,nh2kn,hypertension_history,raw,intended_minus_wrong_content,10,0.3718207440224694
focused_3_endpoint,nh2kn,hypertension_history,folded_cellwise,intended_minus_wrong_content,10,0.20461734356176048
focused_3_endpoint,nh2kn,hypertension_history,raw,intended_minus_reference_utility,10,0.3958971284829583
focused_3_endpoint,nh2kn,hypertension_history,folded_cellwise,intended_minus_reference_utility,10,0.38499561066541227
extension_10_endpoint_bidirectional,nh2kn,angina_history,raw,intended_minus_wrong_content,10,0.351252500902611
extension_10_endpoint_bidirectional,nh2kn,angina_history,folded_cellwise,intended_minus_wrong_content,10,0.12446182310085119
extension_10_endpoint_bidirectional,nh2kn,angina_history,raw,intended_minus_reference_utility,10,0.0038310911266634883
extension_10_endpoint_bidirectional,nh2kn,angina_history,folded_cellwise,intended_minus_reference_utility,10,0.0038310911266634883
extension_10_endpoint_bidirectional,nh2kn,arthritis_history,raw,intended_minus_wrong_content,10,0.45299164928797664
extension_10_endpoint_bidirectional,nh2kn,arthritis_history,folded_cellwise,intended_minus_wrong_content,10,0.1701005924401022
extension_10_endpoint_bidirectional,nh2kn,arthritis_history,raw,intended_minus_reference_utility,10,0.28949310803621914
extension_10_endpoint_bidirectional,nh2kn,arthritis_history,folded_cellwise,intended_minus_reference_utility,10,0.28938736904514434
extension_10_endpoint_bidirectional,nh2kn,asthma_history,raw,intended_minus_wrong_content,10,0.022143738106945553
extension_10_endpoint_bidirectional,nh2kn,asthma_history,folded_cellwise,intended_minus_wrong_content,10,-0.0020488640367661627
extension_10_endpoint_bidirectional,nh2kn,asthma_history,raw,intended_minus_reference_utility,10,-0.057413660573627415
extension_10_endpoint_bidirectional,nh2kn,asthma_history,folded_cellwise,intended_minus_reference_utility,10,-0.057413660573627415
extension_10_endpoint_bidirectional,nh2kn,cancer_history,raw,intended_minus_wrong_content,9,0.2841407656174547
extension_10_endpoint_bidirectional,nh2kn,cancer_history,folded_cellwise,intended_minus_wrong_content,9,0.15041628254093686
extension_10_endpoint_bidirectional,nh2kn,cancer_history,raw,intended_minus_reference_utility,10,0.1040323982615567
extension_10_endpoint_bidirectional,nh2kn,cancer_history,folded_cellwise,intended_minus_reference_utility,10,0.1040323982615567
extension_10_endpoint_bidirectional,nh2kn,current_smoking_status,raw,intended_minus_wrong_content,10,0.14398577787206185
extension_10_endpoint_bidirectional,nh2kn,current_smoking_status,folded_cellwise,intended_minus_wrong_content,10,0.07122551018214716
extension_10_endpoint_bidirectional,nh2kn,current_smoking_status,raw,intended_minus_reference_utility,10,0.20141317397765354
extension_10_endpoint_bidirectional,nh2kn,current_smoking_status,folded_cellwise,intended_minus_reference_utility,10,0.08927069615799221
extension_10_endpoint_bidirectional,nh2kn,diabetes_history,raw,intended_minus_wrong_content,10,0.3587920834782029
extension_10_endpoint_bidirectional,nh2kn,diabetes_history,folded_cellwise,intended_minus_wrong_content,10,0.2131049580446363
extension_10_endpoint_bidirectional,nh2kn,diabetes_history,raw,intended_minus_reference_utility,10,0.5561334617502725
extension_10_endpoint_bidirectional,nh2kn,diabetes_history,folded_cellwise,intended_minus_reference_utility,10,0.35292516738255514
extension_10_endpoint_bidirectional,nh2kn,heart_attack_history,raw,intended_minus_wrong_content,10,0.34761463757916955
extension_10_endpoint_bidirectional,nh2kn,heart_attack_history,folded_cellwise,intended_minus_wrong_content,10,0.13026235045742432
extension_10_endpoint_bidirectional,nh2kn,heart_attack_history,raw,intended_minus_reference_utility,10,0.08715524278676988
extension_10_endpoint_bidirectional,nh2kn,heart_attack_history,folded_cellwise,intended_minus_reference_utility,10,0.08715524278676988
extension_10_endpoint_bidirectional,nh2kn,hypertension_history,raw,intended_minus_wrong_content,10,0.3718207440224694
extension_10_endpoint_bidirectional,nh2kn,hypertension_history,folded_cellwise,intended_minus_wrong_content,10,0.20461734356176048
extension_10_endpoint_bidirectional,nh2kn,hypertension_history,raw,intended_minus_reference_utility,10,0.3958971284829583
extension_10_endpoint_bidirectional,nh2kn,hypertension_history,folded_cellwise,intended_minus_reference_utility,10,0.38499561066541227
extension_10_endpoint_bidirectional,nh2kn,kidney_disease_history,raw,intended_minus_wrong_content,10,0.23043106589310236
extension_10_endpoint_bidirectional,nh2kn,kidney_disease_history,folded_cellwise,intended_minus_wrong_content,10,0.15391173145734652
extension_10_endpoint_bidirectional,nh2kn,kidney_disease_history,raw,intended_minus_reference_utility,10,0.23843717592981864
extension_10_endpoint_bidirectional,nh2kn,kidney_disease_history,folded_cellwise,intended_minus_reference_utility,10,0.23843717592981864
extension_10_endpoint_bidirectional,nh2kn,stroke_history,raw,intended_minus_wrong_content,10,0.30660468322958884
extension_10_endpoint_bidirectional,nh2kn,stroke_history,folded_cellwise,intended_minus_wrong_content,10,0.20127397600630528
extension_10_endpoint_bidirectional,nh2kn,stroke_history,raw,intended_minus_reference_utility,10,0.1615415150812103
extension_10_endpoint_bidirectional,nh2kn,stroke_history,folded_cellwise,intended_minus_reference_utility,10,0.1615415150812103
extension_10_endpoint_bidirectional,kn2nh,angina_history,raw,intended_minus_wrong_content,9,0.21131045604896098
extension_10_endpoint_bidirectional,kn2nh,angina_history,folded_cellwise,intended_minus_wrong_content,9,0.10728467828152016
extension_10_endpoint_bidirectional,kn2nh,angina_history,raw,intended_minus_reference_utility,10,0.0889712888192499
extension_10_endpoint_bidirectional,kn2nh,angina_history,folded_cellwise,intended_minus_reference_utility,10,0.0889712888192499
extension_10_endpoint_bidirectional,kn2nh,arthritis_history,raw,intended_minus_wrong_content,10,0.18310705082419595
extension_10_endpoint_bidirectional,kn2nh,arthritis_history,folded_cellwise,intended_minus_wrong_content,10,0.17077977508966283
extension_10_endpoint_bidirectional,kn2nh,arthritis_history,raw,intended_minus_reference_utility,10,0.250234573968546
extension_10_endpoint_bidirectional,kn2nh,arthritis_history,folded_cellwise,intended_minus_reference_utility,10,0.22044065610212896
extension_10_endpoint_bidirectional,kn2nh,asthma_history,raw,intended_minus_wrong_content,10,0.021762963413320485
extension_10_endpoint_bidirectional,kn2nh,asthma_history,folded_cellwise,intended_minus_wrong_content,10,0.010534149962308104
extension_10_endpoint_bidirectional,kn2nh,asthma_history,raw,intended_minus_reference_utility,10,0.0199495212154
extension_10_endpoint_bidirectional,kn2nh,asthma_history,folded_cellwise,intended_minus_reference_utility,10,0.0199495212154
extension_10_endpoint_bidirectional,kn2nh,cancer_history,raw,intended_minus_wrong_content,4,0.18964930772994415
extension_10_endpoint_bidirectional,kn2nh,cancer_history,folded_cellwise,intended_minus_wrong_content,4,0.0966415956869521
extension_10_endpoint_bidirectional,kn2nh,cancer_history,raw,intended_minus_reference_utility,10,0.15600562567122328
extension_10_endpoint_bidirectional,kn2nh,cancer_history,folded_cellwise,intended_minus_reference_utility,10,0.14057949008758308
extension_10_endpoint_bidirectional,kn2nh,current_smoking_status,raw,intended_minus_wrong_content,10,0.2371884775981738
extension_10_endpoint_bidirectional,kn2nh,current_smoking_status,folded_cellwise,intended_minus_wrong_content,10,0.08103800328227122
extension_10_endpoint_bidirectional,kn2nh,current_smoking_status,raw,intended_minus_reference_utility,10,0.2675770198785147
extension_10_endpoint_bidirectional,kn2nh,current_smoking_status,folded_cellwise,intended_minus_reference_utility,10,0.08152531542735016
extension_10_endpoint_bidirectional,kn2nh,diabetes_history,raw,intended_minus_wrong_content,10,0.45668171297033744
extension_10_endpoint_bidirectional,kn2nh,diabetes_history,folded_cellwise,intended_minus_wrong_content,10,0.23807010393054825
extension_10_endpoint_bidirectional,kn2nh,diabetes_history,raw,intended_minus_reference_utility,10,0.47728211062566245
extension_10_endpoint_bidirectional,kn2nh,diabetes_history,folded_cellwise,intended_minus_reference_utility,10,0.3256253367668863
extension_10_endpoint_bidirectional,kn2nh,heart_attack_history,raw,intended_minus_wrong_content,8,0.2062859451342997
extension_10_endpoint_bidirectional,kn2nh,heart_attack_history,folded_cellwise,intended_minus_wrong_content,8,0.15542038861911417
extension_10_endpoint_bidirectional,kn2nh,heart_attack_history,raw,intended_minus_reference_utility,10,0.13374863577238558
extension_10_endpoint_bidirectional,kn2nh,heart_attack_history,folded_cellwise,intended_minus_reference_utility,10,0.13374863577238558
extension_10_endpoint_bidirectional,kn2nh,hypertension_history,raw,intended_minus_wrong_content,8,0.20906780952741805
extension_10_endpoint_bidirectional,kn2nh,hypertension_history,folded_cellwise,intended_minus_wrong_content,8,0.177592087522005
extension_10_endpoint_bidirectional,kn2nh,hypertension_history,raw,intended_minus_reference_utility,10,0.3503122844272468
extension_10_endpoint_bidirectional,kn2nh,hypertension_history,folded_cellwise,intended_minus_reference_utility,10,0.23186639053286956
extension_10_endpoint_bidirectional,kn2nh,kidney_disease_history,raw,intended_minus_wrong_content,9,0.17909031296363642
extension_10_endpoint_bidirectional,kn2nh,kidney_disease_history,folded_cellwise,intended_minus_wrong_content,9,0.12388167899603851
extension_10_endpoint_bidirectional,kn2nh,kidney_disease_history,raw,intended_minus_reference_utility,10,0.11126421252928523
extension_10_endpoint_bidirectional,kn2nh,kidney_disease_history,folded_cellwise,intended_minus_reference_utility,10,0.11126421252928523
extension_10_endpoint_bidirectional,kn2nh,stroke_history,raw,intended_minus_wrong_content,10,0.22424659388557275
extension_10_endpoint_bidirectional,kn2nh,stroke_history,folded_cellwise,intended_minus_wrong_content,10,0.09136304259586228
extension_10_endpoint_bidirectional,kn2nh,stroke_history,raw,intended_minus_reference_utility,10,0.11107935556358028
extension_10_endpoint_bidirectional,kn2nh,stroke_history,folded_cellwise,intended_minus_reference_utility,10,0.11107935556358028
