comparison_id,study,supports_utility,secondary_supports_utility,utility_match,secondary_utility_match
C01-A,LIFT,None,None,Mismatch,Mismatch
C01-B,LIFT,None,None,Mismatch,Mismatch
C01-C,LIFT,None,Unclear,Mismatch,Indeterminate
C01-D,LIFT,None,Unclear,Mismatch,Indeterminate
C04-A,PLATO,Unclear,Unclear,Indeterminate,Indeterminate
C04-B,PLATO,None,None,Mismatch,Mismatch
C05-A,CARTE,None,Unclear,Mismatch,Indeterminate
C06-A,FeatLLM,Unclear,None,Indeterminate,Mismatch
C07-A,TabuLa-8B,Supported,Supported,Matched,Matched
C08-F,ConTextTab,Unclear,Unclear,Indeterminate,Indeterminate
C09-B,TabSTAR,Supported,Supported,Matched,Matched
