reference_id,selection_role,dataset,utility_k0,utility_k4,utility_k32,utility_k512,decay_0_to_512,decay_4_to_512
ref_00,lower_canonical,bank,0.08937909419942802,0.043030466950676236,0.0438669501651948,0.008585456182614326,0.08079363801681369,0.03444501076806191
ref_00,lower_canonical,blood,0.11432846027725946,0.14161946178337198,0.06348751985143716,-0.007992257381159251,0.1223207176584187,0.14961171916453123
ref_00,lower_canonical,calhousing,0.0531343782588416,0.04681171630417254,0.006266499268641068,0.0094930405848364,0.0436413376740052,0.03731867571933614
ref_00,lower_canonical,car,0.30037579402504855,0.30616538067567456,0.08969932664790312,0.007514764139994035,0.2928610298850545,0.29865061653568054
ref_00,lower_canonical,creditg,-0.0034793299901669794,-0.02646254681172753,0.009418978754532436,0.01765407788083333,-0.02113340787100031,-0.04411662469256086
ref_00,lower_canonical,diabetes,0.16404511050886156,0.1110841463314276,0.019994942565678665,0.005960513327404593,0.15808459718145695,0.10512363300402301
ref_00,lower_canonical,heart,-0.02078205881237749,-0.06386110723514767,0.009328026191140704,0.004893860304318265,-0.025675919116695756,-0.06875496753946593
ref_00,lower_canonical,income,0.0738164159037592,0.05754106620167212,0.013231806245055888,0.011385604462671672,0.06243081144108753,0.046155461739000446
ref_00,lower_canonical,jungle,0.0245120716940318,0.03858057966011204,0.05997869977975769,0.006323346917393358,0.018188724776638444,0.03225723274271868
ref_22,center,bank,0.0932516269209106,0.05112284027804738,0.03238803557602996,0.006461474235764398,0.0867901526851462,0.044661366042282984
ref_22,center,blood,0.18930934947601968,0.16878563098017718,0.08345784439627939,-0.015449488270469236,0.20475883774648893,0.18423511925064642
ref_22,center,calhousing,0.007442626706941846,-0.0052366794044163,-0.0032540965729179307,0.01147508126483523,-0.004032454557893384,-0.01671176066925153
ref_22,center,car,0.27007531933181084,0.267126507605183,0.08169872281083894,0.008039427801865484,0.26203589152994533,0.25908707980331747
ref_22,center,creditg,0.011059211177818828,-0.019628693486677062,0.0002684673350379363,0.025091930770720694,-0.014032719592901866,-0.044720624257397756
ref_22,center,diabetes,0.15542663903096443,0.15089237647059256,0.01779085331813839,-0.004880537721541889,0.16030717675250633,0.15577291419213446
ref_22,center,heart,0.0734925815516384,-0.042888651022769154,0.004854202684542952,0.006871228985574662,0.06662135256606375,-0.04975988000834382
ref_22,center,income,0.09645227034748638,0.06326637015127064,0.013480479851977622,0.01238583974685734,0.08406643060062904,0.050880530404413295
ref_22,center,jungle,0.057742924494025405,0.04557987146753826,0.04305367363057102,0.002414217945326658,0.055328706548698744,0.0431656535222116
ref_04,upper,bank,0.11971715967314805,0.05321724467306911,0.04086225796388317,0.0056650860564775975,0.11405207361667045,0.04755215861659151
ref_04,upper,blood,0.1743296569565861,0.1670338812261923,0.07477116815955402,0.005112097194483601,0.16921755976210248,0.1619217840317087
ref_04,upper,calhousing,0.028254917560587844,0.02345291693796068,0.008611628228410152,0.015175716223649128,0.013079201336938717,0.008277200714311551
ref_04,upper,car,0.327038121519747,0.3154380012083924,0.09674491555354903,0.007130645178759032,0.31990747634098793,0.30830735602963333
ref_04,upper,creditg,0.028175910525903514,0.007069557248944402,0.005364135633593703,0.01686742960877243,0.011308480917131082,-0.00979787235982803
ref_04,upper,diabetes,0.1726461054434401,0.13161964113582153,0.035612606401221325,0.003202136386256327,0.16944396905718379,0.1284175047495652
ref_04,upper,heart,0.14251812173207618,-0.027351295844212985,0.011272060182443644,0.012613674249818851,0.12990444748225732,-0.03996497009403184
ref_04,upper,income,0.07914634089528239,0.07045230401032658,0.015107696437362783,0.01149112718912786,0.06765521370615453,0.058961176821198724
ref_04,upper,jungle,0.04452115450229033,0.03602798084753669,0.04541274977006118,0.011288464371168861,0.03323269013112147,0.024739516476367827
