backbone,support,map_regime,family,U_raw_mean,U_rank_mean,A_rank_mean,D_rank_mean,C_rank_mean,G_mean,U_raw_ci_low,U_rank_ci_low,A_rank_ci_low,D_rank_ci_low,C_rank_ci_low,G_ci_low,U_raw_ci_high,U_rank_ci_high,A_rank_ci_high,D_rank_ci_high,C_rank_ci_high,G_ci_high,absorbed_separated,residual_utility_separated
xgb,32,support_only,additive,0.2588687849203221,0.27493162153020834,-0.058961304414770585,-0.04289846780488431,-0.016062836609886277,0.31783008933509266,0.22593845893735728,0.19773662563958747,-0.1399761894843027,-0.05919905540873211,-0.09829283451973599,0.23863199567722104,0.2914626837565349,0.3566535639173138,0.017337100083170173,-0.030030504107715895,0.06247129252171472,0.39969652421604596,False,True
xgb,32,support_only,pairwise,0.25939538628093983,0.16865620602585704,0.03700278853678474,-0.05373639171829801,0.09073918025508275,0.22239259774415507,0.2086729412554582,0.1024484073274973,-0.036538540423326465,-0.06737407608056668,0.017268646548856403,0.15901256624322616,0.31271480438987925,0.24190481673894662,0.10900513181030275,-0.04106861109649683,0.16179891543272223,0.2930713706707886,True,True
xgb,32,support_only,sparse,0.259581216256792,0.24115687826015977,-0.015142027258588969,-0.03356636525522112,0.01842433799663215,0.274723243515381,0.20501381941797406,0.1340416818981658,-0.11287680812414967,-0.0443256868179684,-0.08274713476085324,0.16687031197473934,0.3187218088797733,0.35989989637236697,0.07399977707902032,-0.023346109827111022,0.10959805520345693,0.39210797635728883,False,True
xgb,32,support_query,additive,0.2588687849203221,0.27442945786264833,-0.030495309613692255,-0.014934636671366002,-0.015560672942326248,0.28936409453401435,0.22601977142595858,0.19389661623441024,-0.1097999683545134,-0.02507826445960653,-0.0990426186521573,0.207990095839206,0.2920973416102541,0.35557467983156654,0.04512216053523049,-0.006591153222137234,0.0641589437569405,0.36874359433172177,False,True
xgb,32,support_query,pairwise,0.25939538628093983,0.1732279213384204,0.06288073246680673,-0.023286732475712675,0.08616746494251938,0.1965146538141331,0.2083628350123646,0.10672329681922325,-0.010118048234132846,-0.03344866203032715,0.00738927085391535,0.13140165744841234,0.31491020401504455,0.24510416571083252,0.13627624235438576,-0.013619222277013933,0.16264820643854322,0.2712703060294738,True,True
xgb,32,support_query,sparse,0.259581216256792,0.22923007987145474,0.007365465281090533,-0.022985671104246753,0.030351136385337284,0.2522157509757014,0.20538184558973754,0.12560775060777152,-0.08654708601311596,-0.03687317480615747,-0.06758890740820908,0.1461798206244695,0.31671460109854954,0.34123324851268344,0.09449247393435214,-0.010959476256622011,0.12215435825605843,0.3677774863218031,False,True
xgb,512,support_only,additive,0.033219155271438504,0.018620660513964292,0.01021493447858549,-0.004383560278888721,0.014598494757474212,0.023004220792853015,0.025079546888570507,0.011767457452999548,0.004024246804973618,-0.009217513200017912,0.006391341097961089,0.015617536270932026,0.04148039124009612,0.025573448738354418,0.016717977878846078,0.00014168737637596104,0.023224375808445073,0.030152127185929696,True,True
xgb,512,support_only,pairwise,0.03683622878060076,0.009727248650440917,0.0186379164778503,-0.008471063652309546,0.027108980130159843,0.018198312302750465,0.02639040271462502,0.005018778727386115,0.007992082200148319,-0.012452346051021163,0.016154532202892674,0.011478447377716913,0.04826358310896261,0.014866392869619377,0.030367536173532144,-0.004348763877887632,0.03902228941090246,0.024938972618338464,True,True
xgb,512,support_only,sparse,0.02835862514864379,0.00822870742312562,0.014257748892922417,-0.005872168832595753,0.02012991772551817,0.014100876255721373,0.019885420265603065,0.003781575518690003,0.007323527117050901,-0.010539188281838339,0.010621539866504213,0.0069522946258276964,0.03696952865743143,0.012962177573034368,0.02142827288015156,-0.0013718462954107557,0.029727155860731453,0.02107662331376345,True,True
xgb,512,support_query,additive,0.033219155271438504,0.019194843101524882,0.009954394301797393,-0.004069917868116229,0.014024312169913622,0.023264760969641113,0.025075912609466386,0.012729408013772692,0.004199615110572767,-0.008873050654093063,0.006164146690471817,0.01604869336777212,0.041328614936005405,0.025740319787122233,0.015966949252978046,0.00046862794293848846,0.022312454506317858,0.030512273750999904,True,True
xgb,512,support_query,pairwise,0.03683622878060076,0.009739801596246373,0.018711294975397714,-0.008385132208956675,0.02709642718435439,0.018124933805203046,0.026208742932723114,0.005486170942745193,0.00845364864338664,-0.012127301448506086,0.016741193615247597,0.011934482399255672,0.04827238838383839,0.014273148664813122,0.029441006961502984,-0.0046990325655148005,0.03834155588596278,0.0244546239307716,True,True
xgb,512,support_query,sparse,0.02835862514864379,0.0076738994022258426,0.015315216475192345,-0.005369509271225603,0.02068472574641795,0.013043408673451445,0.02006093282992026,0.0031154336478422255,0.007523015347279729,-0.009515115630855518,0.01106689689950333,0.00665345254604741,0.037048991848589126,0.012889009470322942,0.022444590024107782,-0.0011942667471565435,0.03011258996462132,0.019653895903276136,True,True
histgb,32,support_only,additive,0.2573794085273974,0.2780300889942681,-0.06428097756956604,-0.0436302971026952,-0.020650680466870845,0.32166038609696335,0.22523350152628901,0.1968666322449664,-0.14755656209058138,-0.06043366164070913,-0.10619599913027473,0.24184214941561027,0.29113269955221166,0.36282244901142774,0.011934580860122676,-0.02984831897222375,0.05850945257167201,0.40695981938301956,False,True
histgb,32,support_only,pairwise,0.26427846008452305,0.16660530375433646,0.04461549121195933,-0.05305766511822727,0.09767315633018661,0.2196629688725637,0.2110286966993811,0.10267849760303241,-0.03367220977200443,-0.06906233363052494,0.016582038514412784,0.1550981398642773,0.32007748574804273,0.239688101944735,0.12411861018333532,-0.037466528083666205,0.17639389127498875,0.2907234065994016,True,True
histgb,32,support_only,sparse,0.26279755481275513,0.24045004810524473,-0.01639204089065067,-0.038739547598161034,0.022347506707510362,0.2791895957034058,0.20742663083159274,0.13303904442740233,-0.11227520137790109,-0.05046890891542874,-0.07487704087372272,0.174232180339406,0.32120005525521284,0.3559694906135745,0.06909077961924204,-0.026757016704674234,0.11299814765694484,0.3947563320803768,False,True
histgb,32,support_query,additive,0.2573794085273974,0.27415840947375436,-0.03383699476270897,-0.01705799381635187,-0.016779000946357092,0.29121640329010623,0.2249084351382433,0.19456043976454732,-0.11426922433420839,-0.028189959554722185,-0.10001559587482671,0.2108963967972676,0.2914502589997799,0.3543907479791787,0.04448317809650815,-0.008173488950821022,0.06166300528930447,0.37095691054869956,False,True
histgb,32,support_query,pairwise,0.26427846008452305,0.1717647571339594,0.07029481469414335,-0.02221888825642036,0.0925137029505637,0.19398364539037974,0.20916264186829742,0.10491013349158564,-0.011726901867156162,-0.03208061302202289,0.010952227497217477,0.12979554051663855,0.3220094398491803,0.24598649334312916,0.14857671549799362,-0.012721052806822926,0.17718300550988916,0.2649784201534293,True,True
histgb,32,support_query,sparse,0.26279755481275513,0.22664206815768012,0.011679876469696598,-0.024475610185378367,0.03615548665507497,0.25111767834305854,0.20790740090343474,0.12422100720915911,-0.08075557628730033,-0.03869319026418444,-0.06003244357368836,0.1475426625471032,0.32089441989694445,0.339441000198584,0.09539531822729365,-0.01221435489607356,0.12527140427548944,0.36366134199039085,False,True
