Field,Primary,Second,Count
Removal,Pass,Pass,15
Removal,Pass,Fail,0
Removal,Pass,Unclear,1
Removal,Fail,Pass,0
Removal,Fail,Fail,5
Removal,Fail,Unclear,0
Removal,Unclear,Pass,0
Removal,Unclear,Fail,0
Removal,Unclear,Unclear,4
Preservation,Pass,Pass,5
Preservation,Pass,Fail,1
Preservation,Pass,Unclear,0
Preservation,Fail,Pass,1
Preservation,Fail,Fail,4
Preservation,Fail,Unclear,7
Preservation,Unclear,Pass,2
Preservation,Unclear,Fail,0
Preservation,Unclear,Unclear,5
Interface,Pass,Pass,7
Interface,Pass,Fail,0
Interface,Pass,Unclear,0
Interface,Fail,Pass,0
Interface,Fail,Fail,0
Interface,Fail,Unclear,0
Interface,Unclear,Pass,4
Interface,Unclear,Fail,0
Interface,Unclear,Unclear,14
Admissible reference,Yes,Yes,4
Admissible reference,Yes,No,0
Admissible reference,Yes,Unclear,0
Admissible reference,No,Yes,1
Admissible reference,No,No,8
Admissible reference,No,Unclear,7
Admissible reference,Unclear,Yes,0
Admissible reference,Unclear,No,1
Admissible reference,Unclear,Unclear,4
