Study,Comparisons,Primary status,Second status,Status changed,Primary Yes comparisons,Primary No comparisons,Primary Unclear comparisons,Second Yes comparisons,Second No comparisons,Second Unclear comparisons
LIFT,C01-A;C01-B;C01-C;C01-D,all No,Unclear but no Yes,True,,C01-A;C01-B;C01-C;C01-D,,,C01-A;C01-B,C01-C;C01-D
TabLLM,C03-A;C03-B;C03-C,all No,at least one Yes,True,,C03-A;C03-B;C03-C,,C03-B,C03-A;C03-C,
PLATO,C04-A;C04-B;C04-C,Unclear but no Yes,Unclear but no Yes,False,,C04-B;C04-C,C04-A,,C04-B;C04-C,C04-A
CARTE,C05-A;C05-B;C05-C,Unclear but no Yes,Unclear but no Yes,False,,C05-A;C05-C,C05-B,,C05-C,C05-A;C05-B
FeatLLM,C06-A,Unclear but no Yes,all No,True,,,C06-A,,C06-A,
TabuLa-8B,C07-A,at least one Yes,at least one Yes,False,C07-A,,,C07-A,,
ConTextTab,C08-A;C08-B;C08-C;C08-D;C08-E;C08-F,at least one Yes,at least one Yes,False,C08-E,C08-A;C08-B;C08-C;C08-D,C08-F,C08-E,,C08-A;C08-B;C08-C;C08-D;C08-F
TabSTAR,C09-A;C09-B,at least one Yes,at least one Yes,False,C09-A;C09-B,,,C09-A;C09-B,,
TARTE,C10-A;C10-B,Unclear but no Yes,Unclear but no Yes,False,,C10-B,C10-A,,C10-B,C10-A
