dataset,included,content_S_minus_W,utility_S_minus_Ranon,reference_min,reference_max,sign_sensitive,exact_zero_reference_present
bank,False,-0.0317389422271218,0.0893790941994282,0.022308562432474144,0.16588429160944618,False,False
blood,False,0.0381467670109709,0.1143284602772595,0.09334397355869761,0.24609308659756363,False,False
calhousing,False,0.0836594240264794,0.0531343782588413,-0.010928468169698724,0.104925336834296,True,False
car,True,0.4087752082354753,0.30037579402504855,0.27007531933181084,0.3452788898007413,False,False
creditg,False,0.06598721744291393,-0.0034793299901669,-0.040243677248559484,0.04535087940384369,True,False
diabetes,True,0.0874323029077818,0.1640451105088616,0.08769790566881563,0.21744290259222737,False,False
heart,False,-0.009960427326168,-0.0207820588123778,-0.02078205881237749,0.14251812173207618,True,False
income,True,0.1393164777008092,0.0738164159037592,0.05525282448385871,0.10626247372983233,False,False
jungle,True,0.23040459339865632,0.0245120716940318,-0.01957123047650755,0.08275662602067069,True,False
