dataset,S_absolute_error,W_absolute_error,R_pub_absolute_error,D_j,included,failed_arms
bank,0.0096948909882751,0.0014338332153969,0.0270815551990541,0.0270815551990541,False,R_pub
blood,0.006295176285481,0.0081484092745101,0.0346988227213517,0.0346988227213517,False,R_pub
calhousing,0.0076158070371986,0.021275231063678,0.00768865976261,0.021275231063678,False,W
car,0.0017601240812903,0.0105353323167656,0.01024469515513996,0.0105353323167656,True,
creditg,0.0023109946511919,0.02170178790589417,0.0074919977860111,0.02170178790589417,False,W
diabetes,0.0066331823695487,0.0007991205382331,0.0021353932259409,0.0066331823695487,True,
heart,0.0220566924414822,0.0179828802323498,0.0009103662982957,0.0220566924414822,False,S;W
income,0.0104329506126469,0.0111164729118377,0.0041865918961344,0.0111164729118377,True,
jungle,0.0082731631413545,0.00867775654001083,0.0058856231802379,0.00867775654001083,True,
