dataset,arm,reproduced_mean,published_printed_mean,absolute_error
bank,S,0.6096948909882751,0.6,0.0096948909882751
bank,W,0.6414338332153969,0.64,0.0014338332153969
bank,R_pub,0.5870815551990541,0.56,0.0270815551990541
blood,S,0.566295176285481,0.56,0.006295176285481
blood,W,0.5281484092745101,0.52,0.0081484092745101
blood,R_pub,0.4153011772786483,0.45,0.0346988227213517
calhousing,S,0.6023841929628014,0.61,0.0076158070371986
calhousing,W,0.518724768936322,0.54,0.021275231063678
calhousing,R_pub,0.57231134023739,0.58,0.00768865976261
car,S,0.7882398759187097,0.79,0.0017601240812903
car,W,0.3794646676832344,0.39,0.0105353323167656
car,R_pub,0.49024469515513996,0.48,0.01024469515513996
creditg,S,0.5276890053488081,0.53,0.0023109946511919
creditg,W,0.46170178790589417,0.44,0.02170178790589417
creditg,R_pub,0.6674919977860111,0.66,0.0074919977860111
diabetes,S,0.6466331823695487,0.64,0.0066331823695487
diabetes,W,0.5592008794617669,0.56,0.0007991205382331
diabetes,R_pub,0.5521353932259409,0.55,0.0021353932259409
heart,S,0.5420566924414822,0.52,0.0220566924414822
heart,W,0.5520171197676502,0.57,0.0179828802323498
heart,R_pub,0.4009103662982957,0.4,0.0009103662982957
income,S,0.8004329506126469,0.79,0.0104329506126469
income,W,0.6611164729118377,0.65,0.0111164729118377
income,R_pub,0.7258134081038656,0.73,0.0041865918961344
jungle,S,0.6217268368586455,0.63,0.0082731631413545
jungle,W,0.39132224345998917,0.4,0.00867775654001083
jungle,R_pub,0.5741143768197621,0.58,0.0058856231802379
