experiment,component,recorded,manuscript,comparison,source,json_path,principal_baseline,recorded_normalized,scope
crta_v3_exam_support_ladder_v1,numpy,2.2.6,2.2.6,MATCH,experiments/crta_v3_exam_support_ladder_v1/triglycerides/seed_55/metrics.json,/versions/numpy,2.2.6,2.2.6,Table A22 principal environment and experiment-specific exceptions; incomplete historical locks disclosed
crta_v3_exam_support_ladder_v1,pandas,2.3.3,2.3.3,MATCH,experiments/crta_v3_exam_support_ladder_v1/triglycerides/seed_55/metrics.json,/versions/pandas,2.3.3,2.3.3,Table A22 principal environment and experiment-specific exceptions; incomplete historical locks disclosed
crta_v3_exam_support_ladder_v1,python,3.10.20,3.10.20,DECLARED_EXCEPTION,experiments/crta_v3_exam_support_ladder_v1/triglycerides/seed_55/metrics.json,/versions/python,3.10.19,3.10.20,Table A22 principal environment and experiment-specific exceptions; incomplete historical locks disclosed
crta_v3_exam_support_ladder_v1,sklearn,1.7.2,1.7.2,MATCH,experiments/crta_v3_exam_support_ladder_v1/triglycerides/seed_55/metrics.json,/versions/sklearn,1.7.2,1.7.2,Table A22 principal environment and experiment-specific exceptions; incomplete historical locks disclosed
crta_v3_exam_support_ladder_v1,xgboost,3.1.3,3.1.3,MATCH,experiments/crta_v3_exam_support_ladder_v1/triglycerides/seed_55/metrics.json,/versions/xgboost,3.1.3,3.1.3,Table A22 principal environment and experiment-specific exceptions; incomplete historical locks disclosed
tabllm_all_reference_k512_v1,datasets,2.14.7,2.14.7,MATCH,experiments/tabllm_all_reference_k512_v1/evidence_v1/ref_11/income/k512/seed1/metrics.json,/versions/datasets,2.14.7,2.14.7,Table A22 principal environment and experiment-specific exceptions; incomplete historical locks disclosed
tabllm_all_reference_k512_v1,numpy,2.2.6,2.2.6,MATCH,experiments/tabllm_all_reference_k512_v1/evidence_v1/ref_11/income/k512/seed1/metrics.json,/versions/numpy,2.2.6,2.2.6,Table A22 principal environment and experiment-specific exceptions; incomplete historical locks disclosed
tabllm_all_reference_k512_v1,pandas,2.3.3,2.3.3,MATCH,experiments/tabllm_all_reference_k512_v1/evidence_v1/ref_11/income/k512/seed1/metrics.json,/versions/pandas,2.3.3,2.3.3,Table A22 principal environment and experiment-specific exceptions; incomplete historical locks disclosed
tabllm_all_reference_k512_v1,python,3.10.20,3.10.20,MATCH,experiments/tabllm_all_reference_k512_v1/evidence_v1/ref_11/income/k512/seed1/metrics.json,/versions/python,3.10.20,3.10.20,Table A22 principal environment and experiment-specific exceptions; incomplete historical locks disclosed
tabllm_all_reference_k512_v1,torch,2.12.0.dev20260408+cu128,2.12.0.dev20260408+cu128,MATCH,experiments/tabllm_all_reference_k512_v1/evidence_v1/ref_11/income/k512/seed1/metrics.json,/versions/torch,2.12.0.dev20260408+cu128,2.12.0.dev20260408+cu128,Table A22 principal environment and experiment-specific exceptions; incomplete historical locks disclosed
tabllm_all_reference_k512_v1,transformers,4.30.0,4.30.0,MATCH,experiments/tabllm_all_reference_k512_v1/evidence_v1/ref_11/income/k512/seed1/metrics.json,/versions/transformers,4.30.0,4.30.0,Table A22 principal environment and experiment-specific exceptions; incomplete historical locks disclosed
crta_v3_exam_reference_sensitivity_v2,numpy,2.2.6,2.2.6,MATCH,experiments/crta_v3_exam_reference_sensitivity_v2/triglycerides/seed_55/metrics.json,/versions/numpy,2.2.6,2.2.6,Table A22 principal environment and experiment-specific exceptions; incomplete historical locks disclosed
crta_v3_exam_reference_sensitivity_v2,pandas,2.3.3,2.3.3,MATCH,experiments/crta_v3_exam_reference_sensitivity_v2/triglycerides/seed_55/metrics.json,/versions/pandas,2.3.3,2.3.3,Table A22 principal environment and experiment-specific exceptions; incomplete historical locks disclosed
crta_v3_exam_reference_sensitivity_v2,python,3.10.20,3.10.20,DECLARED_EXCEPTION,experiments/crta_v3_exam_reference_sensitivity_v2/triglycerides/seed_55/metrics.json,/versions/python,3.10.19,3.10.20,Table A22 principal environment and experiment-specific exceptions; incomplete historical locks disclosed
crta_v3_exam_reference_sensitivity_v2,sklearn,1.7.2,1.7.2,MATCH,experiments/crta_v3_exam_reference_sensitivity_v2/triglycerides/seed_55/metrics.json,/versions/sklearn,1.7.2,1.7.2,Table A22 principal environment and experiment-specific exceptions; incomplete historical locks disclosed
crta_v3_exam_reference_sensitivity_v2,xgboost,3.1.3,3.1.3,MATCH,experiments/crta_v3_exam_reference_sensitivity_v2/triglycerides/seed_55/metrics.json,/versions/xgboost,3.1.3,3.1.3,Table A22 principal environment and experiment-specific exceptions; incomplete historical locks disclosed
crta_v3_mcr_carte_v1,numpy,2.2.6,2.2.6,MATCH,experiments/crta_v3_mcr_carte_v1/pairwise/r03/metrics.json,/versions/numpy,2.2.6,2.2.6,Table A22 principal environment and experiment-specific exceptions; incomplete historical locks disclosed
crta_v3_mcr_carte_v1,pandas,2.3.3,2.3.3,MATCH,experiments/crta_v3_mcr_carte_v1/pairwise/r03/metrics.json,/versions/pandas,2.3.3,2.3.3,Table A22 principal environment and experiment-specific exceptions; incomplete historical locks disclosed
crta_v3_mcr_carte_v1,python,3.10.20,3.10.20,DECLARED_EXCEPTION,experiments/crta_v3_mcr_carte_v1/pairwise/r03/metrics.json,/versions/python,3.10.19,3.10.20,Table A22 principal environment and experiment-specific exceptions; incomplete historical locks disclosed
crta_v3_mcr_carte_v1,torch,2.12.0.dev20260408+cu128,2.12.0.dev20260408+cu128,MATCH,experiments/crta_v3_mcr_carte_v1/pairwise/r03/metrics.json,/versions/torch,2.12.0.dev20260408+cu128,2.12.0.dev20260408+cu128,Table A22 principal environment and experiment-specific exceptions; incomplete historical locks disclosed
crta_v3_mcr_transtab_bridge_decomposition_v1,numpy,2.2.6,2.2.6,MATCH,experiments/crta_v3_mcr_transtab_bridge_decomposition_v1/pairwise/r03/metrics.json,/versions/numpy,2.2.6,2.2.6,Table A22 principal environment and experiment-specific exceptions; incomplete historical locks disclosed
crta_v3_mcr_transtab_bridge_decomposition_v1,pandas,2.3.3,2.3.3,MATCH,experiments/crta_v3_mcr_transtab_bridge_decomposition_v1/pairwise/r03/metrics.json,/versions/pandas,2.3.3,2.3.3,Table A22 principal environment and experiment-specific exceptions; incomplete historical locks disclosed
crta_v3_mcr_transtab_bridge_decomposition_v1,python,3.10.20,3.10.20,MATCH,experiments/crta_v3_mcr_transtab_bridge_decomposition_v1/pairwise/r03/metrics.json,/versions/python,3.10.20,3.10.20,Table A22 principal environment and experiment-specific exceptions; incomplete historical locks disclosed
crta_v3_mcr_transtab_bridge_decomposition_v1,torch,2.12.0.dev20260408+cu128,2.12.0.dev20260408+cu128,MATCH,experiments/crta_v3_mcr_transtab_bridge_decomposition_v1/pairwise/r03/metrics.json,/versions/torch,2.12.0.dev20260408+cu128,2.12.0.dev20260408+cu128,Table A22 principal environment and experiment-specific exceptions; incomplete historical locks disclosed
crta_v3_mcr_transtab_bridge_decomposition_v1,transformers,4.30.0,4.30.0,MATCH,experiments/crta_v3_mcr_transtab_bridge_decomposition_v1/pairwise/r03/metrics.json,/versions/transformers,4.30.0,4.30.0,Table A22 principal environment and experiment-specific exceptions; incomplete historical locks disclosed
crta_v3_mcr_factorial_semisynth_v1,numpy,2.2.6,2.2.6,MATCH,experiments/crta_v3_mcr_factorial_semisynth_v1/primary/pairwise/r03/metrics.json,/versions/numpy,2.2.6,2.2.6,Table A22 principal environment and experiment-specific exceptions; incomplete historical locks disclosed
crta_v3_mcr_factorial_semisynth_v1,pandas,2.3.3,2.3.3,MATCH,experiments/crta_v3_mcr_factorial_semisynth_v1/primary/pairwise/r03/metrics.json,/versions/pandas,2.3.3,2.3.3,Table A22 principal environment and experiment-specific exceptions; incomplete historical locks disclosed
crta_v3_mcr_factorial_semisynth_v1,sklearn,1.7.2,1.7.2,MATCH,experiments/crta_v3_mcr_factorial_semisynth_v1/primary/pairwise/r03/metrics.json,/versions/sklearn,1.7.2,1.7.2,Table A22 principal environment and experiment-specific exceptions; incomplete historical locks disclosed
crta_v3_mcr_factorial_semisynth_v1,xgboost,3.1.3,3.1.3,MATCH,experiments/crta_v3_mcr_factorial_semisynth_v1/primary/pairwise/r03/metrics.json,/versions/xgboost,3.1.3,3.1.3,Table A22 principal environment and experiment-specific exceptions; incomplete historical locks disclosed
crta_v3_mcr_value_redundancy_v1,numpy,2.2.6,2.2.6,MATCH,experiments/crta_v3_mcr_value_redundancy_v1/pairwise/r03/metrics.json,/versions/numpy,2.2.6,2.2.6,Table A22 principal environment and experiment-specific exceptions; incomplete historical locks disclosed
crta_v3_mcr_value_redundancy_v1,python,3.10.20,3.10.20,DECLARED_EXCEPTION,experiments/crta_v3_mcr_value_redundancy_v1/pairwise/r03/metrics.json,/versions/python,3.10.19,3.10.20,Table A22 principal environment and experiment-specific exceptions; incomplete historical locks disclosed
crta_v3_mcr_value_redundancy_v1,sklearn,1.7.2,1.7.2,MATCH,experiments/crta_v3_mcr_value_redundancy_v1/pairwise/r03/metrics.json,/versions/sklearn,1.7.2,1.7.2,Table A22 principal environment and experiment-specific exceptions; incomplete historical locks disclosed
crta_v3_mcr_value_redundancy_v1,xgboost,3.1.3,3.1.3,MATCH,experiments/crta_v3_mcr_value_redundancy_v1/pairwise/r03/metrics.json,/versions/xgboost,3.1.3,3.1.3,Table A22 principal environment and experiment-specific exceptions; incomplete historical locks disclosed
crta_v3_mcr_transtab_c_tf430_v1,python,"3.10.20 (main, Mar 11 2026, 17:46:40) [GCC 14.3.0]",3.10.20,NORMALIZED_MATCH,experiments/crta_v3_mcr_transtab_c_tf430_v1/ENVIRONMENT_AUDIT.json,/python,3.10.20,3.10.20,Table A22 principal environment and experiment-specific exceptions; incomplete historical locks disclosed
crta_v3_mcr_transtab_c_tf430_v1,torch,2.12.0.dev20260408+cu128,2.12.0.dev20260408+cu128,MATCH,experiments/crta_v3_mcr_transtab_c_tf430_v1/ENVIRONMENT_AUDIT.json,/torch,2.12.0.dev20260408+cu128,2.12.0.dev20260408+cu128,Table A22 principal environment and experiment-specific exceptions; incomplete historical locks disclosed
crta_v3_mcr_transtab_c_tf430_v1,transformers,4.30.0,4.30.0,MATCH,experiments/crta_v3_mcr_transtab_c_tf430_v1/ENVIRONMENT_AUDIT.json,/transformers,4.30.0,4.30.0,Table A22 principal environment and experiment-specific exceptions; incomplete historical locks disclosed
crta_v3_mcr_transtab_c_tf430_v1,numpy,2.2.6,2.2.6,MATCH,experiments/crta_v3_mcr_transtab_c_tf430_v1/pairwise/r03/metrics.json,/versions/numpy,2.2.6,2.2.6,Table A22 principal environment and experiment-specific exceptions; incomplete historical locks disclosed
crta_v3_mcr_transtab_c_tf430_v1,pandas,2.3.3,2.3.3,MATCH,experiments/crta_v3_mcr_transtab_c_tf430_v1/pairwise/r03/metrics.json,/versions/pandas,2.3.3,2.3.3,Table A22 principal environment and experiment-specific exceptions; incomplete historical locks disclosed
crta_v3_mcr_transtab_c_tf430_v1,python,3.10.20,3.10.20,MATCH,experiments/crta_v3_mcr_transtab_c_tf430_v1/pairwise/r03/metrics.json,/versions/python,3.10.20,3.10.20,Table A22 principal environment and experiment-specific exceptions; incomplete historical locks disclosed
_recheck_vr_threads1,numpy,2.2.6,2.2.6,MATCH,experiments/_recheck_vr_threads1/pairwise/r03/metrics.json,/versions/numpy,2.2.6,2.2.6,Table A22 principal environment and experiment-specific exceptions; incomplete historical locks disclosed
_recheck_vr_threads1,python,3.10.19,3.10.19,MATCH,experiments/_recheck_vr_threads1/pairwise/r03/metrics.json,/versions/python,3.10.19,3.10.19,Table A22 principal environment and experiment-specific exceptions; incomplete historical locks disclosed
_recheck_vr_threads1,sklearn,1.7.2,1.7.2,MATCH,experiments/_recheck_vr_threads1/pairwise/r03/metrics.json,/versions/sklearn,1.7.2,1.7.2,Table A22 principal environment and experiment-specific exceptions; incomplete historical locks disclosed
_recheck_vr_threads1,xgboost,3.1.3,3.1.3,MATCH,experiments/_recheck_vr_threads1/pairwise/r03/metrics.json,/versions/xgboost,3.1.3,3.1.3,Table A22 principal environment and experiment-specific exceptions; incomplete historical locks disclosed
tabllm_reference_space_v1,datasets,2.14.7,2.14.7,MATCH,experiments/tabllm_reference_space_v1/evidence_v1/ref_11/income/metrics.json,/versions/datasets,2.14.7,2.14.7,Table A22 principal environment and experiment-specific exceptions; incomplete historical locks disclosed
tabllm_reference_space_v1,numpy,2.2.6,2.2.6,MATCH,experiments/tabllm_reference_space_v1/evidence_v1/ref_11/income/metrics.json,/versions/numpy,2.2.6,2.2.6,Table A22 principal environment and experiment-specific exceptions; incomplete historical locks disclosed
tabllm_reference_space_v1,python,3.10.20,3.10.20,MATCH,experiments/tabllm_reference_space_v1/evidence_v1/ref_11/income/metrics.json,/versions/python,3.10.20,3.10.20,Table A22 principal environment and experiment-specific exceptions; incomplete historical locks disclosed
tabllm_reference_space_v1,torch,2.12.0.dev20260408+cu128,2.12.0.dev20260408+cu128,MATCH,experiments/tabllm_reference_space_v1/evidence_v1/ref_11/income/metrics.json,/versions/torch,2.12.0.dev20260408+cu128,2.12.0.dev20260408+cu128,Table A22 principal environment and experiment-specific exceptions; incomplete historical locks disclosed
tabllm_reference_space_v1,transformers,4.30.0,4.30.0,MATCH,experiments/tabllm_reference_space_v1/evidence_v1/ref_11/income/metrics.json,/versions/transformers,4.30.0,4.30.0,Table A22 principal environment and experiment-specific exceptions; incomplete historical locks disclosed
tabllm_retrospective_audit_v1,datasets,2.14.7,2.14.7,MATCH,experiments/tabllm_retrospective_audit_v1/list_only_values/income/metrics.json,/versions/datasets,2.14.7,2.14.7,Table A22 principal environment and experiment-specific exceptions; incomplete historical locks disclosed
tabllm_retrospective_audit_v1,numpy,2.2.6,2.2.6,MATCH,experiments/tabllm_retrospective_audit_v1/list_only_values/income/metrics.json,/versions/numpy,2.2.6,2.2.6,Table A22 principal environment and experiment-specific exceptions; incomplete historical locks disclosed
tabllm_retrospective_audit_v1,pandas,2.3.3,2.3.3,MATCH,experiments/tabllm_retrospective_audit_v1/list_only_values/income/metrics.json,/versions/pandas,2.3.3,2.3.3,Table A22 principal environment and experiment-specific exceptions; incomplete historical locks disclosed
tabllm_retrospective_audit_v1,python,3.10.20,3.10.20,MATCH,experiments/tabllm_retrospective_audit_v1/list_only_values/income/metrics.json,/versions/python,3.10.20,3.10.20,Table A22 principal environment and experiment-specific exceptions; incomplete historical locks disclosed
tabllm_retrospective_audit_v1,torch,2.12.0.dev20260408+cu128,2.12.0.dev20260408+cu128,MATCH,experiments/tabllm_retrospective_audit_v1/list_only_values/income/metrics.json,/versions/torch,2.12.0.dev20260408+cu128,2.12.0.dev20260408+cu128,Table A22 principal environment and experiment-specific exceptions; incomplete historical locks disclosed
tabllm_retrospective_audit_v1,transformers,4.30.0,4.30.0,MATCH,experiments/tabllm_retrospective_audit_v1/list_only_values/income/metrics.json,/versions/transformers,4.30.0,4.30.0,Table A22 principal environment and experiment-specific exceptions; incomplete historical locks disclosed
crta_v3_mcr_null_source_v1,numpy,1.24.4,1.24.4,DECLARED_EXCEPTION,experiments/crta_v3_mcr_null_source_v1/pairwise/r03/metrics.json,/versions/numpy,2.2.6,1.24.4,Table A22 principal environment and experiment-specific exceptions; incomplete historical locks disclosed
crta_v3_mcr_null_source_v1,sklearn,1.3.2,1.3.2,DECLARED_EXCEPTION,experiments/crta_v3_mcr_null_source_v1/pairwise/r03/metrics.json,/versions/sklearn,1.7.2,1.3.2,Table A22 principal environment and experiment-specific exceptions; incomplete historical locks disclosed
crta_v3_mcr_null_source_v1,xgboost,2.1.4,2.1.4,DECLARED_EXCEPTION,experiments/crta_v3_mcr_null_source_v1/pairwise/r03/metrics.json,/versions/xgboost,3.1.3,2.1.4,Table A22 principal environment and experiment-specific exceptions; incomplete historical locks disclosed
crta_v3_mcr_transtab_c_v1,numpy,2.2.6,2.2.6,MATCH,experiments/crta_v3_mcr_transtab_c_v1/pairwise/r03/metrics.json,/versions/numpy,2.2.6,2.2.6,Table A22 principal environment and experiment-specific exceptions; incomplete historical locks disclosed
crta_v3_mcr_transtab_c_v1,pandas,2.3.3,2.3.3,MATCH,experiments/crta_v3_mcr_transtab_c_v1/pairwise/r03/metrics.json,/versions/pandas,2.3.3,2.3.3,Table A22 principal environment and experiment-specific exceptions; incomplete historical locks disclosed
crta_v3_mcr_transtab_c_v1,python,3.10.20,3.10.20,MATCH,experiments/crta_v3_mcr_transtab_c_v1/pairwise/r03/metrics.json,/versions/python,3.10.20,3.10.20,Table A22 principal environment and experiment-specific exceptions; incomplete historical locks disclosed
crta_v3_mcr_transtab_c_v1,torch,2.12.0.dev20260408+cu128,2.12.0.dev20260408+cu128,MATCH,experiments/crta_v3_mcr_transtab_c_v1/pairwise/r03/metrics.json,/versions/torch,2.12.0.dev20260408+cu128,2.12.0.dev20260408+cu128,Table A22 principal environment and experiment-specific exceptions; incomplete historical locks disclosed
crta_v3_mcr_transtab_c_v1,transformers,5.12.0,5.12.0,DECLARED_EXCEPTION,experiments/crta_v3_mcr_transtab_c_v1/pairwise/r03/metrics.json,/versions/transformers,4.30.0,5.12.0,Table A22 principal environment and experiment-specific exceptions; incomplete historical locks disclosed
crta_v3_mcr_redundancy_ladder_v1,numpy,2.2.6,2.2.6,MATCH,experiments/crta_v3_mcr_redundancy_ladder_v1/pairwise/r03/metrics.json,/versions/numpy,2.2.6,2.2.6,Table A22 principal environment and experiment-specific exceptions; incomplete historical locks disclosed
crta_v3_mcr_redundancy_ladder_v1,python,3.10.19,3.10.19,MATCH,experiments/crta_v3_mcr_redundancy_ladder_v1/pairwise/r03/metrics.json,/versions/python,3.10.19,3.10.19,Table A22 principal environment and experiment-specific exceptions; incomplete historical locks disclosed
crta_v3_mcr_redundancy_ladder_v1,sklearn,1.7.2,1.7.2,MATCH,experiments/crta_v3_mcr_redundancy_ladder_v1/pairwise/r03/metrics.json,/versions/sklearn,1.7.2,1.7.2,Table A22 principal environment and experiment-specific exceptions; incomplete historical locks disclosed
crta_v3_mcr_redundancy_ladder_v1,xgboost,3.1.3,3.1.3,MATCH,experiments/crta_v3_mcr_redundancy_ladder_v1/pairwise/r03/metrics.json,/versions/xgboost,3.1.3,3.1.3,Table A22 principal environment and experiment-specific exceptions; incomplete historical locks disclosed
crta_v3_relation_capacity_sensitivity_v1,numpy,1.24.4,1.24.4,DECLARED_EXCEPTION,experiments/crta_v3_relation_capacity_sensitivity_v1/pairwise/r03/metrics.json,/versions/numpy,2.2.6,1.24.4,Table A22 principal environment and experiment-specific exceptions; incomplete historical locks disclosed
crta_v3_relation_capacity_sensitivity_v1,python,3.8.8,3.8.8,DECLARED_EXCEPTION,experiments/crta_v3_relation_capacity_sensitivity_v1/pairwise/r03/metrics.json,/versions/python,3.10.19,3.8.8,Table A22 principal environment and experiment-specific exceptions; incomplete historical locks disclosed
crta_v3_relation_capacity_sensitivity_v1,xgboost,2.1.4,2.1.4,DECLARED_EXCEPTION,experiments/crta_v3_relation_capacity_sensitivity_v1/pairwise/r03/metrics.json,/versions/xgboost,3.1.3,2.1.4,Table A22 principal environment and experiment-specific exceptions; incomplete historical locks disclosed
tabllm_generic_lexical_zero_v1,datasets,2.14.7,2.14.7,MATCH,experiments/tabllm_generic_lexical_zero_v1/evidence_v1/list_generic_lexical/income/metrics.json,/versions/datasets,2.14.7,2.14.7,Table A22 principal environment and experiment-specific exceptions; incomplete historical locks disclosed
tabllm_generic_lexical_zero_v1,numpy,2.2.6,2.2.6,MATCH,experiments/tabllm_generic_lexical_zero_v1/evidence_v1/list_generic_lexical/income/metrics.json,/versions/numpy,2.2.6,2.2.6,Table A22 principal environment and experiment-specific exceptions; incomplete historical locks disclosed
tabllm_generic_lexical_zero_v1,pandas,2.3.3,2.3.3,MATCH,experiments/tabllm_generic_lexical_zero_v1/evidence_v1/list_generic_lexical/income/metrics.json,/versions/pandas,2.3.3,2.3.3,Table A22 principal environment and experiment-specific exceptions; incomplete historical locks disclosed
tabllm_generic_lexical_zero_v1,python,3.10.20,3.10.20,MATCH,experiments/tabllm_generic_lexical_zero_v1/evidence_v1/list_generic_lexical/income/metrics.json,/versions/python,3.10.20,3.10.20,Table A22 principal environment and experiment-specific exceptions; incomplete historical locks disclosed
tabllm_generic_lexical_zero_v1,torch,2.12.0.dev20260408+cu128,2.12.0.dev20260408+cu128,MATCH,experiments/tabllm_generic_lexical_zero_v1/evidence_v1/list_generic_lexical/income/metrics.json,/versions/torch,2.12.0.dev20260408+cu128,2.12.0.dev20260408+cu128,Table A22 principal environment and experiment-specific exceptions; incomplete historical locks disclosed
tabllm_generic_lexical_zero_v1,transformers,4.30.0,4.30.0,MATCH,experiments/tabllm_generic_lexical_zero_v1/evidence_v1/list_generic_lexical/income/metrics.json,/versions/transformers,4.30.0,4.30.0,Table A22 principal environment and experiment-specific exceptions; incomplete historical locks disclosed
crta_v3_e2_open_panel_v1,torch_version,2.12.0.dev20260408+cu128,2.12.0.dev20260408+cu128,MATCH,experiments/crta_v3_e2_open_panel_v1/runs/medgemma_27b_it/generation_manifest.json,/runtime/torch_version,2.12.0.dev20260408+cu128,2.12.0.dev20260408+cu128,Table A22 principal environment and experiment-specific exceptions; incomplete historical locks disclosed
crta_v3_e2_open_panel_v1,transformers_version,5.12.0,5.12.0,MATCH,experiments/crta_v3_e2_open_panel_v1/runs/medgemma_27b_it/generation_manifest.json,/runtime/transformers_version,5.12.0,5.12.0,Table A22 principal environment and experiment-specific exceptions; incomplete historical locks disclosed
